review,rating,date,review_length,bank,source,neg,neu,pos,compound,sentiment
love,3,2025-06-06,4,Dashen Bank,Google Play Store,0.0,0.0,1.0,0.6369,positive
·àò·â∏·à∏·å†,5,2025-06-03,4,Dashen Bank,Google Play Store,0.0,1.0,0.0,0.0,neutral
wow,5,2025-06-03,3,Dashen Bank,Google Play Store,0.0,0.0,1.0,0.5859,positive
gadaa,5,2025-06-01,5,Dashen Bank,Google Play Store,0.0,1.0,0.0,0.0,neutral
Massive upgrade from the Amole app.,5,2025-05-31,35,Dashen Bank,Google Play Store,0.0,1.0,0.0,0.0,neutral
good,4,2025-05-31,4,Dashen Bank,Google Play Store,0.0,0.0,1.0,0.4404,positive
very good for this app,5,2025-05-31,22,Dashen Bank,Google Play Store,0.0,0.556,0.444,0.4927,positive
top,5,2025-05-31,3,Dashen Bank,Google Play Store,0.0,0.0,1.0,0.2023,positive
this app better than Amole . but the biometric on new update doesn't work,4,2025-05-31,73,Dashen Bank,Google Play Store,0.0,0.87,0.13,0.2382,positive
Wow,5,2025-05-30,3,Dashen Bank,Google Play Store,0.0,0.0,1.0,0.5859,positive
wow to it saff and this app,5,2025-05-30,27,Dashen Bank,Google Play Store,0.0,0.612,0.388,0.5859,positive
it too slow,3,2025-05-29,11,Dashen Bank,Google Play Store,0.0,1.0,0.0,0.0,neutral
·ã≥·àΩ·äï ·â£·äï·ä≠ ·ã≠·àà·ã´·àç,4,2025-05-28,12,Dashen Bank,Google Play Store,0.0,1.0,0.0,0.0,neutral
real life changer,5,2025-05-28,17,Dashen Bank,Google Play Store,0.0,1.0,0.0,0.0,neutral
üëçüëçüëç,5,2025-05-28,3,Dashen Bank,Google Play Store,0.0,1.0,0.0,0.0,neutral
nice application,5,2025-05-27,16,Dashen Bank,Google Play Store,0.0,0.263,0.737,0.4215,positive
useless app ever loading take long,1,2025-05-27,34,Dashen Bank,Google Play Store,0.359,0.641,0.0,-0.4215,negative
"Game changer app! Dashen Bank Super App is fast, secure, and easy to use. The three-click payment makes sending money super quick, and the QR code payment is perfect for cashless shopping. I also love the biometric login and easy airtime and bill payments. Everything I need is in one place. Dashen Bank has really raised the bar for digital banking in Ethiopia. Highly recommended!",5,2025-05-26,382,Dashen Bank,Google Play Store,0.0,0.682,0.318,0.979,positive
very useful App,1,2025-05-26,15,Dashen Bank,Google Play Store,0.0,0.385,0.615,0.4927,positive
"Simple, robust features? Yes, please! But the endless loading screen killed the fun‚ÄîI couldn‚Äôt use it for days. Fix the glitch, and I‚Äôll yeet a higher rating!",2,2025-05-26,158,Dashen Bank,Google Play Store,0.195,0.657,0.148,-0.6842,negative
Wawww,5,2025-05-24,5,Dashen Bank,Google Play Store,0.0,1.0,0.0,0.0,neutral
it is good but some times says duplicate transaction why?,5,2025-05-24,57,Dashen Bank,Google Play Store,0.0,0.822,0.178,0.2382,positive
very Nice,5,2025-05-23,9,Dashen Bank,Google Play Store,0.0,0.244,0.756,0.4754,positive
its best,5,2025-05-23,8,Dashen Bank,Google Play Store,0.0,0.192,0.808,0.6369,positive
it is not as good as to the other mobile bank app.,1,2025-05-22,50,Dashen Bank,Google Play Store,0.179,0.821,0.0,-0.3412,negative
"The best of best is now arrived **Empowering Your Financial Freedom** ""Experience seamless banking at your fingertips with Dashen Bank. Empowering your financial freedom, anytime, anywhere!"" **Innovation Meets Convenience** ""Dashen Bank Mobile Banking: Where innovation meets convenience. **Secure and Reliable** ""Bank with confidence",5,2025-05-22,334,Dashen Bank,Google Play Store,0.0,0.556,0.444,0.9817,positive
Nothing is changed in the updated version. You have been collecting comments but where is the feed back you improved in this version. superapp is mot functioning today.,4,2025-05-20,168,Dashen Bank,Google Play Store,0.0,0.867,0.133,0.631,positive
The best app ever in finance sector,5,2025-05-18,35,Dashen Bank,Google Play Store,0.0,0.588,0.412,0.6369,positive
Its good app than other compitators but it confuse when we transfer it needs OTP and PIN most user inter their pin instead of OTP we know the litrecy level of our society so if it is device based i dont know the needs of OTP so please try to fix,3,2025-05-18,245,Dashen Bank,Google Play Store,0.042,0.853,0.105,0.5554,positive
dashen bank or dashen super app?,1,2025-05-17,32,Dashen Bank,Google Play Store,0.0,0.562,0.438,0.5994,positive
wowwwe app,5,2025-05-17,10,Dashen Bank,Google Play Store,0.0,1.0,0.0,0.0,neutral
"Transferring to other bank accounts is a hastle and inconvenient .Get used to seeing "" please try again """,2,2025-05-17,105,Dashen Bank,Google Play Store,0.111,0.783,0.106,-0.0258,neutral
always lagging,1,2025-05-16,14,Dashen Bank,Google Play Store,0.677,0.323,0.0,-0.2732,negative
Amazing Application...,5,2025-05-16,22,Dashen Bank,Google Play Store,0.0,0.208,0.792,0.5859,positive
Fantastic,5,2025-05-16,9,Dashen Bank,Google Play Store,0.0,0.0,1.0,0.5574,positive
"Dashen bank app is very good, but sometimes it is not working well",5,2025-05-15,66,Dashen Bank,Google Play Store,0.145,0.718,0.137,-0.0321,neutral
its my choice,5,2025-05-15,13,Dashen Bank,Google Play Store,0.0,1.0,0.0,0.0,neutral
wow apo,5,2025-05-15,7,Dashen Bank,Google Play Store,0.0,0.208,0.792,0.5859,positive
awesome app keep going,5,2025-05-14,22,Dashen Bank,Google Play Store,0.0,0.423,0.577,0.6249,positive
"It grows ethiopian digital banking step ahead.All fetures in one,simple fast and convince.",5,2025-05-14,90,Dashen Bank,Google Play Store,0.0,0.857,0.143,0.25,positive
Game changer,5,2025-05-13,12,Dashen Bank,Google Play Store,0.0,1.0,0.0,0.0,neutral
Totally amazing,5,2025-05-13,15,Dashen Bank,Google Play Store,0.0,0.196,0.804,0.624,positive
super üòé,5,2025-05-13,7,Dashen Bank,Google Play Store,0.0,0.303,0.697,0.7845,positive
what a helpful app!!!!,5,2025-05-13,22,Dashen Bank,Google Play Store,0.0,0.431,0.569,0.6083,positive
Good,4,2025-05-13,4,Dashen Bank,Google Play Store,0.0,0.0,1.0,0.4404,positive
nice,5,2025-05-13,4,Dashen Bank,Google Play Store,0.0,0.0,1.0,0.4215,positive
"To be honest, best banking and lifestyle app in Ethiopia.",5,2025-05-12,57,Dashen Bank,Google Play Store,0.0,0.516,0.484,0.8176,positive
fast,5,2025-05-12,4,Dashen Bank,Google Play Store,0.0,1.0,0.0,0.0,neutral
"A must have, seamless, all in one digital platform ""DB Superapp""! Keep living your motto ""Always one step ahead""",5,2025-05-12,112,Dashen Bank,Google Play Store,0.0,1.0,0.0,0.0,neutral
"This App makes digital banking effortless and convenient. User-friendly interface, secure transactions, and excellent features for managing finances efficiently.",4,2025-05-10,161,Dashen Bank,Google Play Store,0.0,0.645,0.355,0.8316,positive
Amazing app super easy to use and best design. loved it.,5,2025-05-09,56,Dashen Bank,Google Play Store,0.0,0.243,0.757,0.9623,positive
its the best ever,5,2025-05-09,17,Dashen Bank,Google Play Store,0.0,0.417,0.583,0.6369,positive
excellent game changer App,5,2025-05-08,26,Dashen Bank,Google Play Store,0.0,0.448,0.552,0.5719,positive
I am highly excited by using this application and it is the most favorable as well as preferrable mobile app.,5,2025-05-03,109,Dashen Bank,Google Play Store,0.0,0.668,0.332,0.8151,positive
it seems me logging out within minutes,1,2025-05-03,38,Dashen Bank,Google Play Store,0.0,1.0,0.0,0.0,neutral
nice app especially GUI and I have got some error when you send within dashen bank the receipter is not get SMS notification,4,2025-05-03,124,Dashen Bank,Google Play Store,0.102,0.792,0.106,0.0258,neutral
yes i want dashen super open,5,2025-05-02,28,Dashen Bank,Google Play Store,0.0,0.275,0.725,0.7845,positive
Best App,5,2025-05-02,8,Dashen Bank,Google Play Store,0.0,0.192,0.808,0.6369,positive
faster than this version,5,2025-05-01,24,Dashen Bank,Google Play Store,0.0,1.0,0.0,0.0,neutral
"Best UI mobile banking app, props to design team",5,2025-04-30,48,Dashen Bank,Google Play Store,0.0,0.656,0.344,0.6369,positive
thank you,4,2025-04-30,9,Dashen Bank,Google Play Store,0.0,0.286,0.714,0.3612,positive
great app,5,2025-04-30,9,Dashen Bank,Google Play Store,0.0,0.196,0.804,0.6249,positive
bad.,1,2025-04-30,4,Dashen Bank,Google Play Store,1.0,0.0,0.0,-0.5423,negative
Dashen bank always one step ahead,5,2025-04-30,33,Dashen Bank,Google Play Store,0.0,1.0,0.0,0.0,neutral
dashen super app is secure band very easy,5,2025-04-29,41,Dashen Bank,Google Play Store,0.0,0.345,0.655,0.8588,positive
It is very fast and secured mobile banking app! I like this app!,5,2025-04-29,64,Dashen Bank,Google Play Store,0.0,0.645,0.355,0.7225,positive
best app I have ever seen,5,2025-04-29,25,Dashen Bank,Google Play Store,0.0,0.543,0.457,0.6369,positive
best of best,5,2025-04-29,12,Dashen Bank,Google Play Store,0.0,0.106,0.894,0.8555,positive
waw,5,2025-04-28,3,Dashen Bank,Google Play Store,0.0,1.0,0.0,0.0,neutral
best app,5,2025-04-28,8,Dashen Bank,Google Play Store,0.0,0.192,0.808,0.6369,positive
Its slow when i try to see the Recent Transaction and stucked,1,2025-04-28,61,Dashen Bank,Google Play Store,0.0,1.0,0.0,0.0,neutral
wowslnwoooo wowwww amazing !!!!!!!!,5,2025-04-28,35,Dashen Bank,Google Play Store,0.0,0.377,0.623,0.7156,positive
wow appl,5,2025-04-28,8,Dashen Bank,Google Play Store,0.0,0.208,0.792,0.5859,positive
why do i have to change a pin number i use my finger print so dummy,1,2025-04-27,67,Dashen Bank,Google Play Store,0.0,0.92,0.08,0.0772,positive
very nice,5,2025-04-26,9,Dashen Bank,Google Play Store,0.0,0.244,0.756,0.4754,positive
great,4,2025-04-26,5,Dashen Bank,Google Play Store,0.0,0.0,1.0,0.6249,positive
"It is very slow and it lacks many features to be a super app. High rating is given by their employees, not by the customers.",1,2025-04-25,124,Dashen Bank,Google Play Store,0.0,0.86,0.14,0.5994,positive
"Smooth and secure experience transfers, bill payments, and tracking expenses are all effortless. The intuitive design makes banking on the go.",5,2025-04-24,142,Dashen Bank,Google Play Store,0.0,0.893,0.107,0.34,positive
Very easy and Fast.,5,2025-04-24,19,Dashen Bank,Google Play Store,0.0,0.484,0.516,0.4927,positive
Incomparably user-friendly and fast app for mobile banking.,5,2025-04-24,59,Dashen Bank,Google Play Store,0.0,1.0,0.0,0.0,neutral
"there is nothing super about this app, repeatedly failed transaction and wastes customer valuable time. if you have to do system upgrade do it at a time when there is less traffic demand. your Technical difficulty should not be reflected on customer.",2,2025-04-24,250,Dashen Bank,Google Play Store,0.201,0.738,0.062,-0.7156,negative
execellent,5,2025-04-24,10,Dashen Bank,Google Play Store,0.0,1.0,0.0,0.0,neutral
"This super app is a total game-changer‚Äîfast, reliable, and packed with everything I need in one place. It‚Äôs seamless and super convenient. Love it!""",5,2025-04-23,148,Dashen Bank,Google Play Store,0.0,0.631,0.369,0.923,positive
All in One ‚úçÔ∏èsecure ‚úçÔ∏èreliable ‚úçÔ∏èconvenient. Digital banking game changer!!,5,2025-04-23,75,Dashen Bank,Google Play Store,0.0,1.0,0.0,0.0,neutral
it is incredible product.,5,2025-04-23,25,Dashen Bank,Google Play Store,0.0,1.0,0.0,0.0,neutral
"I'm really impressed with this app! It‚Äôs user-friendly, runs smoothly, and has all the features I need. Makes my tasks so much easier and saves me a lot of time. Highly recommended!",5,2025-04-23,181,Dashen Bank,Google Play Store,0.0,0.76,0.24,0.8461,positive
"It's an amazing app, experience it!!",5,2025-04-23,36,Dashen Bank,Google Play Store,0.0,0.533,0.467,0.658,positive
This is the best banking app ever. I recommend everyone to use it.,5,2025-04-23,66,Dashen Bank,Google Play Store,0.0,0.621,0.379,0.7717,positive
It is the best application!!!,5,2025-04-22,29,Dashen Bank,Google Play Store,0.0,0.441,0.559,0.7249,positive
"Exceptional digital experience, SupperApp will bring new paradigm shift in the banking business. Bravo Dashen keep it up!!!!",5,2025-04-22,124,Dashen Bank,Google Play Store,0.0,1.0,0.0,0.0,neutral
its features are so dynamic,5,2025-04-22,27,Dashen Bank,Google Play Store,0.0,0.543,0.457,0.5214,positive
fast &Friendly user Application.,5,2025-04-22,32,Dashen Bank,Google Play Store,0.0,0.484,0.516,0.4939,positive
"Fast, Reliable and User Friendly. Keep it Up",5,2025-04-22,44,Dashen Bank,Google Play Store,0.0,0.686,0.314,0.4939,positive
"#dashen super app is easy to use, secure & fast transactionüòç",5,2025-04-22,60,Dashen Bank,Google Play Store,0.0,0.474,0.526,0.9042,positive
i love this app esp 3 click that make e-commerce easier and convinient.,5,2025-04-22,71,Dashen Bank,Google Play Store,0.0,0.611,0.389,0.7906,positive
Dashen Super App contains extended selections for customers and can be easily accessible and also friendly to use.,5,2025-04-22,114,Dashen Bank,Google Play Store,0.0,0.612,0.388,0.8591,positive
Great for everyday banking and payments on the go,5,2025-04-22,49,Dashen Bank,Google Play Store,0.0,0.661,0.339,0.6249,positive
"""Dashen Super App'' is impressive with its focus on simplicity, speed, and quality. The user interface is clean and easy to understand. Transactions process quickly, and the overall quality of the app is top-notch. A must-have for Dashen Bank customers. ·ã≥·à∏·äï ·â£·äï·ä≠ ·ä†·äï·ãµ ·ä•·à≠·àù·åÉ ·âÄ·ã≥·àö·ç¢",5,2025-04-22,275,Dashen Bank,Google Play Store,0.0,0.762,0.238,0.9153,positive
making transactions has never been easier. the new update is just amazing,5,2025-04-22,73,Dashen Bank,Google Play Store,0.145,0.62,0.236,0.3544,positive
"The app has various usefull functions, which make easy the payment system. Also, it will connect with sellers having reasonable prices.",5,2025-04-22,135,Dashen Bank,Google Play Store,0.0,0.873,0.127,0.4404,positive
The app has great user interface with comprehensive payments and E-commerce platforms. And also it includes unique features such as chat Banking and budget.,5,2025-04-22,156,Dashen Bank,Google Play Store,0.0,0.783,0.217,0.7269,positive
betam mirt Ena betam le atikakem kelel Yale Ena michu application nw,5,2025-04-22,68,Dashen Bank,Google Play Store,0.0,1.0,0.0,0.0,neutral
Convenient!,5,2025-04-22,11,Dashen Bank,Google Play Store,0.0,1.0,0.0,0.0,neutral
It is an amazing application that meets the needs of customers.,5,2025-04-22,63,Dashen Bank,Google Play Store,0.0,0.725,0.275,0.5859,positive
Effecting payment via the app has created convenience to the recipients in easily confirming the payments received!,5,2025-04-22,115,Dashen Bank,Google Play Store,0.0,0.762,0.238,0.5707,positive
the best Supper App ever,5,2025-04-22,24,Dashen Bank,Google Play Store,0.0,0.488,0.512,0.6369,positive
"This is the best app ever, when is it planned to include digital lending and gasification?",5,2025-04-22,90,Dashen Bank,Google Play Store,0.0,0.781,0.219,0.6369,positive
"A powerful, local solution that rivals any global app. I love how easy it is to explore services and products.",5,2025-04-22,110,Dashen Bank,Google Play Store,0.0,0.567,0.433,0.9042,positive
Dashen bank is my number one choice,5,2025-04-22,35,Dashen Bank,Google Play Store,0.0,0.822,0.178,0.0772,positive
Assefa Genetu = Dashen superup is the latest and inclussive .I am happy with this super up.,5,2025-04-22,91,Dashen Bank,Google Play Store,0.0,0.664,0.336,0.8225,positive
"The App is incredibly user-friendly and brings multiple services into one place. It's fast, intuitive, and makes daily tasks super convenient. A true all-in-one solution!",5,2025-04-21,170,Dashen Bank,Google Play Store,0.0,0.703,0.297,0.8516,positive
"Proudly made in Ethiopia, this innovation delivers more than promised. The marketplace is a major boost for local commerce",5,2025-04-21,122,Dashen Bank,Google Play Store,0.0,0.548,0.452,0.9076,positive
it so fanrastic and user friendly app. Bravo Dashen bank thanks.,5,2025-04-21,64,Dashen Bank,Google Play Store,0.0,0.596,0.404,0.7269,positive
"one of the best digital platforms I've used! from smooth transactions to a seamless shopping experience, highly recommended.",5,2025-04-21,124,Dashen Bank,Google Play Store,0.0,0.708,0.292,0.7639,positive
A proudly Ethiopia innovation that delivers beyond expectations. The marketplace feature is a big win for local shoppers bnd sellers,5,2025-04-21,132,Dashen Bank,Google Play Store,0.0,0.63,0.37,0.875,positive
"Dashen Super App is a game-changer! It‚Äôs fast, user-friendly, and packed with features that make everyday banking and transactions super convenient. I love how everything I need from mobile banking to utility payments is all in one place. The interface is clean, and everything works smoothly. Definitely one of the best apps out there. Highly recommended!",5,2025-04-21,356,Dashen Bank,Google Play Store,0.0,0.669,0.331,0.9758,positive
Easy to use and has many options. It is the best financial app I have ever used.,5,2025-04-21,80,Dashen Bank,Google Play Store,0.0,0.679,0.321,0.7964,positive
"Highly impressed! Dash Bank really nailed it with this app. Secure, reliable, and packed with features I use daily",5,2025-04-21,114,Dashen Bank,Google Play Store,0.0,0.736,0.264,0.7257,positive
"One of the best digital platforms I‚Äôve used! From smooth transactions to a seamless shopping experience, Highly recommended",5,2025-04-21,123,Dashen Bank,Google Play Store,0.0,0.708,0.292,0.7639,positive
"This app has everything I was looking for, dashen is becoming a grandmaster.",5,2025-04-21,76,Dashen Bank,Google Play Store,0.0,1.0,0.0,0.0,neutral
Very convenient,5,2025-04-21,15,Dashen Bank,Google Play Store,0.0,1.0,0.0,0.0,neutral
"The user experience is seamless, and everything just works perfectly right out of the box. I can‚Äôt believe how much time and effort it saves me every day.",5,2025-04-21,154,Dashen Bank,Google Play Store,0.0,0.865,0.135,0.6369,positive
wawwwww what nice super app !!keep it up dashen bank !!,5,2025-04-21,55,Dashen Bank,Google Play Store,0.0,0.534,0.466,0.8346,positive
"Dashen SuperApp the ultimate all-in-one solution! From banking and shopping to bill payments, everything you need is right at your fingertips. Life just got a whole lot easier!",5,2025-04-21,176,Dashen Bank,Google Play Store,0.0,0.821,0.179,0.6892,positive
"It is,really super because of its unique offerings to individuals and businesses.It is a secure UX first app intended to cater comprehensive digital meeds.I am also happy to know that Dashen is considering to make the app more inclusive by lowering the mobile version requirements .",5,2025-04-21,282,Dashen Bank,Google Play Store,0.041,0.742,0.217,0.8669,positive
"the very easy, secured, fast and multifunctional dashen supper application I ever seen. dashen really one steps ahead!!!",5,2025-04-21,120,Dashen Bank,Google Play Store,0.0,0.694,0.306,0.7934,positive
"One app for everything! I can shop, manage my bank account , and do so much more . Truly a super app",5,2025-04-21,100,Dashen Bank,Google Play Store,0.0,0.731,0.269,0.8111,positive
one of the best digital platforms I‚Äôve used! From smooth transactions to a seamless shopping experie,5,2025-04-21,100,Dashen Bank,Google Play Store,0.0,0.77,0.23,0.6696,positive
"Dashen Bank super App is the most suitable, reliable, and fast digital banking system.",5,2025-04-21,86,Dashen Bank,Google Play Store,0.0,0.769,0.231,0.5994,positive
Excellent app.,5,2025-04-21,14,Dashen Bank,Google Play Store,0.0,0.213,0.787,0.5719,positive
This is what we call banking app. As professional I want banking app as simple as this and an app rich of features that align with my lifestyle.,5,2025-04-21,144,Dashen Bank,Google Play Store,0.0,0.841,0.159,0.5994,positive
thanks again,5,2025-04-21,12,Dashen Bank,Google Play Store,0.0,0.256,0.744,0.4404,positive
Super Easy To Use and Fast Transaction.,5,2025-04-21,39,Dashen Bank,Google Play Store,0.0,0.424,0.576,0.7783,positive
"I have an incredible experience with Dashen super app, what an amazing platform is it?. keep pioneering in technological advancement üëèüëèüëè",5,2025-04-21,136,Dashen Bank,Google Play Store,0.0,0.757,0.243,0.8271,positive
"i can't recommend the Dashen Super App enough! This app is truly a game changer for anyone looking for a seamless and efficient way to manage their daily life. It combines multiple essential services into one easy-to-use platform, saving time and simplifying tasks The user interface is modern, intuitive, and super responsive, making navigation a breeze. Whether it's banking, payment services, or accessing lifestyle features, everything is just a few clicks away!!",5,2025-04-21,467,Dashen Bank,Google Play Store,0.025,0.777,0.199,0.941,positive
"The app is incredibly handy for managing multiple financial tasks, from bill payments to managing budgets. It‚Äôs saved me a lot of time and made banking way more convenient. Definitely worth checking out!",5,2025-04-21,203,Dashen Bank,Google Play Store,0.0,0.785,0.215,0.8039,positive
what an App,5,2025-04-21,11,Dashen Bank,Google Play Store,0.0,1.0,0.0,0.0,neutral
The new e-commerce feature is incredibly amazing and user friendly.,5,2025-04-21,67,Dashen Bank,Google Play Store,0.0,0.523,0.477,0.807,positive
"dashen bank supper app is the most easy to use and have high speed,quality and I like features like chat,budget,fuel payment, and security for my opinion this product is techonolgy edge,this international standard thanks for product oweners (dashen bank)",3,2025-04-21,254,Dashen Bank,Google Play Store,0.0,0.716,0.284,0.9099,positive
"The Dashen supperapp is a revolutionary advancement in digital banking, combining exceptional usability, an intuitive interface and a seamless user experience. among its standout features are the integration of QR codes, account statement, transaction advise, chat, transaction authentication for limit thresholds, budgeting and different app in a single dashboard. Truly ahead of the curve ..... keep up the excellent work ü§ùüëè",5,2025-04-21,426,Dashen Bank,Google Play Store,0.0,0.902,0.098,0.765,positive
"A proudly Ethiopian innovation that delivers beyond expectations. The marketplace feature is a big win for local shoppers and sellers. Very impressed with the new updates, The e-commerce section is smooth and supports Ethiopian merchants!",5,2025-04-21,238,Dashen Bank,Google Play Store,0.0,0.65,0.35,0.945,positive
"Very impressed with the new updates, The e-commerce section is smooth and supports Ethiopian merchants.",5,2025-04-21,103,Dashen Bank,Google Play Store,0.0,0.688,0.312,0.7089,positive
"Dashen Bank Super App is fast, reliable, and super easy to use. All my banking needs are handled smoothly in one place. Clean design and seamless experience ‚Äì highly recommended!",5,2025-04-21,178,Dashen Bank,Google Play Store,0.0,0.613,0.387,0.9412,positive
"Db sup app is A platform or an application that can grasp more satisfactions through fastest mode of operation which means for budget planning, to use QR code(scan, pay, go) chat with staff, acc to acc other bank ft, merchant payment, and easly. I addition to i satisfied and i invite everyone to use those platform!!.",5,2025-04-21,318,Dashen Bank,Google Play Store,0.023,0.842,0.136,0.7892,positive
the chat banking and unique and only app that alow money request!!,5,2025-04-21,66,Dashen Bank,Google Play Store,0.0,1.0,0.0,0.0,neutral
Better and inclusive app!,5,2025-04-21,25,Dashen Bank,Google Play Store,0.0,0.484,0.516,0.4926,positive
Amazing Application,5,2025-04-21,19,Dashen Bank,Google Play Store,0.0,0.208,0.792,0.5859,positive
It keep my time to pay my bills and I generate my satment easily,5,2025-04-21,64,Dashen Bank,Google Play Store,0.089,0.759,0.152,0.25,positive
"It's an amazing app that is up-to-date with the times, wow wow",5,2025-04-21,62,Dashen Bank,Google Play Store,0.0,0.441,0.559,0.9081,positive
A game-changing Ethiopian innovation‚Äîwhere shopping meets opportunity. The marketplace feature connects buyers and sellers like never before.,5,2025-04-21,141,Dashen Bank,Google Play Store,0.0,0.739,0.261,0.6486,positive
"Dashen Super App isn‚Äôt just an app ‚Äî it‚Äôs an experience. Effortless, powerful, and built for the future",5,2025-04-21,103,Dashen Bank,Google Play Store,0.0,0.705,0.295,0.7717,positive
"This Is An Amazing App with Uniqe Quality,Easy And Fast Mobile Banking App.",5,2025-04-21,75,Dashen Bank,Google Play Store,0.0,0.759,0.241,0.5859,positive
"Dashen SuperApp is a lifesaver! Banking, shopping, and bills in one super easy app. The new e-commerce feature is awesome and supports local merchants. Fast, secure, and proudly Ethiopian.Download it now‚Äîyou won‚Äôt regret it!",5,2025-04-21,224,Dashen Bank,Google Play Store,0.053,0.494,0.452,0.9682,positive
"Dashen SuperApp blends finance, shopping, and daily services effortlessly. The new e-commerce feature is smooth and supports local merchants‚Äîproud to back an Ethiopian-made solution!",5,2025-04-21,182,Dashen Bank,Google Play Store,0.0,0.812,0.188,0.6239,positive
"A solid step forward by Dashen Bank. The SuperApp combines essential banking features with lifestyle services, making everything accessible in one place. The interface is smooth, and transactions are quick and reliable. It‚Äôs clear a lot of thought went into the design and functionality. Great job!",5,2025-04-21,298,Dashen Bank,Google Play Store,0.0,0.833,0.167,0.8221,positive
Dashen bank super app is the crucial and convenient app in Ethiopia. there is no other app to compare with Dashen bank super app,5,2025-04-21,128,Dashen Bank,Google Play Store,0.071,0.677,0.252,0.765,positive
"All-in-one finance & e-commerce super app! Pay, save, shop seamlessly. Fast, secure. #BankAndShop",5,2025-04-21,97,Dashen Bank,Google Play Store,0.069,0.446,0.485,0.8553,positive
it's a hestorical app. in the bank industry.,5,2025-04-21,44,Dashen Bank,Google Play Store,0.0,1.0,0.0,0.0,neutral
"A game changer in Ethiopian digital banking fast, secure, and packed with services. Everything you need, all in one powerful app. A true leap toward financial convenience and innovation!",4,2025-04-21,186,Dashen Bank,Google Play Store,0.0,0.697,0.303,0.8718,positive
"easy &,simple to use",5,2025-04-21,20,Dashen Bank,Google Play Store,0.0,0.508,0.492,0.4404,positive
"Banking, but make it smart. Local solutions, all in one place. Smooth, fast, and actually saving time. Feels like the future. Love it!",5,2025-04-21,134,Dashen Bank,Google Play Store,0.0,0.56,0.44,0.9427,positive
"All in one, that is it üëå",5,2025-04-21,24,Dashen Bank,Google Play Store,0.0,0.495,0.505,0.7297,positive
", Dashen Bank Supper App is multipurpose, convenient, very attractive and Make life easier",5,2025-04-21,90,Dashen Bank,Google Play Store,0.0,0.667,0.333,0.7178,positive
very easy and flexible app.,5,2025-04-21,27,Dashen Bank,Google Play Store,0.0,0.359,0.641,0.6549,positive
"I choose Dashen Bank Super Up since, it is easy to use & it has attractive features !",5,2025-04-21,85,Dashen Bank,Google Play Store,0.0,0.6,0.4,0.8748,positive
dashen super app is simple faster and reliable.,5,2025-04-21,47,Dashen Bank,Google Play Store,0.0,0.642,0.358,0.5994,positive
"Dashen Bank Super App is a game-changer! The user-friendly design, wide range of services, and smooth performance make it incredibly convenient for everyday banking. It‚Äôs fast, secure, and truly reflects the bank‚Äôs commitment to digital excellence. Highly recommended!",5,2025-04-21,268,Dashen Bank,Google Play Store,0.0,0.633,0.367,0.9557,positive
"The app keeps getting better with every update! Smooth performance, great UI, and top-notch security. Thank you for making banking so convenient!""",5,2025-04-21,146,Dashen Bank,Google Play Store,0.0,0.59,0.41,0.9097,positive
this app is the most simply to use and secure safe i love it to use for any bank transaction,5,2025-04-21,92,Dashen Bank,Google Play Store,0.0,0.642,0.358,0.8591,positive
"After i download the app recently had a smooth expriance, its user friendly, fast, and everything works as expected. keep up the good work.",5,2025-04-21,139,Dashen Bank,Google Play Store,0.0,0.783,0.217,0.7269,positive
An app with High performance and advanced features!,5,2025-04-21,51,Dashen Bank,Google Play Store,0.0,0.753,0.247,0.3164,positive
"It is a very user friendly, attractive user interface, full of useful features. I really encourage everyone to give it a try.",5,2025-04-21,125,Dashen Bank,Google Play Store,0.0,0.578,0.422,0.9207,positive
"Good actually , but it have to WORK when developer option is on üôè",5,2025-04-21,65,Dashen Bank,Google Play Store,0.0,0.878,0.122,0.2382,positive
"All-in-one convenience, From managing accounts to paying bills and shopping online and the chat banking is game changer, this app does it all seamlessly.",5,2025-04-21,153,Dashen Bank,Google Play Store,0.0,1.0,0.0,0.0,neutral
I appreciate that Dashen Bank takes lifestyle services into account.,5,2025-04-21,68,Dashen Bank,Google Play Store,0.0,0.769,0.231,0.4019,positive
keep it up!,5,2025-04-21,11,Dashen Bank,Google Play Store,0.0,1.0,0.0,0.0,neutral
amazing app really i loved it .that's why we say dashen bank is one stap ahead. It's the best mobile application that should be on every phone.,5,2025-04-21,143,Dashen Bank,Google Play Store,0.0,0.663,0.337,0.9213,positive
very comfortable app keep it,5,2025-04-21,28,Dashen Bank,Google Play Store,0.0,0.527,0.473,0.5563,positive
it has clear detail information about the application so it helps customer how to use the app. and it is very easy to use and also app is secure.,5,2025-04-21,145,Dashen Bank,Google Play Store,0.0,0.693,0.307,0.8771,positive
"I have been using the Dashen Supper app mobile banking app , and overall, I appreciate its features.However,I‚Äôve noticed that when I turn on the developer options on my device, the app stops functioning properly. It would be great if you could look into this issue, as I often need to access developer settings for other applications . Thank you for your attention to this matter!",5,2025-04-21,380,Dashen Bank,Google Play Store,0.022,0.832,0.146,0.8449,positive
easiness to use with fast response time,5,2025-04-21,39,Dashen Bank,Google Play Store,0.0,0.698,0.302,0.3818,positive
"The new mobile banking application is a major upgrade! It‚Äôs incredibly user-friendly, with a clean and modern design that makes navigation simple and intuitive. I really appreciate how fast it loads and how smooth the overall experience is. All essential services like balance checks, transfers, and bill payments are eas y to find and use. The added security features give me peace of mind, and the app runs reliably without crashes or glitches. It‚Äôs clear a lot of thought went into the user experi",5,2025-04-21,500,Dashen Bank,Google Play Store,0.0,0.821,0.179,0.9431,positive
"As an Internal Customer, Dashen Bank SuperApp has greatly simplified my online banking experience. It's easy to use, allowing me to quickly check balances, transfer money and pay Bills. The app's advanced security features are highly secure, ensuring my data is well protected. The Three click, Chat Banking and IPS features have also given me a smarter experience. In deed Dashen Bank is always steping ahead!",5,2025-04-21,410,Dashen Bank,Google Play Store,0.018,0.721,0.261,0.9536,positive
"A truly impressive app ‚Äî user-friendly and a game-changer in Ethiopian banking. The Dashen Super App stands out as one of the most innovative and convenient digital banking solutions in Ethiopia‚Äôs financial history. Smooth navigation, seamless features, and a wide range of services all in one place. Well done!",5,2025-04-21,311,Dashen Bank,Google Play Store,0.0,0.712,0.288,0.9467,positive
dashen bank super up has very fast and convenience and also it has contain more things on one app .I am very interesting to use dashen bank super up,5,2025-04-21,148,Dashen Bank,Google Play Store,0.0,0.707,0.293,0.8955,positive
"The Dashen Bank Super App has truly elevated my mobile banking experience. It's fast, user-friendly, and packed with all the essential features. The interface is clean and intuitive, making navigation easy even for first-time users. I also appreciate the added security features that give me peace of mind while banking on the go. Dashen Bank has done an amazing job with this app‚Äîit‚Äôs reliable, efficient, and always improving. Highly recommended for anyone looking for seamless digital banking!",5,2025-04-21,496,Dashen Bank,Google Play Store,0.0,0.668,0.332,0.9846,positive
A fantastic product!! keep the good work.,5,2025-04-21,41,Dashen Bank,Google Play Store,0.0,0.414,0.586,0.7955,positive
"I am very impressed with the Dashen super app. It is user-friendly and operates efficiently. The budget and chatbot features are impressive, and all items can be purchased with just three clicks.",5,2025-04-21,195,Dashen Bank,Google Play Store,0.0,0.678,0.322,0.923,positive
"The Dashen Super App offers a quick and user-friendly experience, bringing together a variety of services, like budgeting, payments, airtime recharges, and more, all in one convenient platform. Its sleek design and intuitive navigation ensure effortless transactions. It's evident that Dashen Bank has carefully crafted the app to make everyday financial activities easier. A great choice for anyone aiming to streamline their digital routines!",5,2025-04-21,444,Dashen Bank,Google Play Store,0.0,0.766,0.234,0.9493,positive
Dashen supper App is the most useful app for our customers,5,2025-04-21,58,Dashen Bank,Google Play Store,0.0,0.758,0.242,0.4927,positive
it is the most amazing mobile app,5,2025-04-21,33,Dashen Bank,Google Play Store,0.0,0.594,0.406,0.624,positive
A Good and fast supper app thanks for dashen bank,5,2025-04-21,49,Dashen Bank,Google Play Store,0.0,0.58,0.42,0.7003,positive
"Dear Users of the Dashen Bank Super App,I have been using the Dashen Bank Super App for a while now, and I must say‚Äîit‚Äôs truly a game-changer! The app is incredibly fast and reliable; I‚Äôve never encountered any delays with my transactions. One feature I absolutely love is Chat Banking. It makes everyday tasks like checking my balance or transferring money as simple as sending a quick message. Also, the budgeting tool has been a huge help in tracking my spending and giving me a clearer",5,2025-04-21,489,Dashen Bank,Google Play Store,0.0,0.733,0.267,0.9798,positive
Too best,1,2025-04-21,8,Dashen Bank,Google Play Store,0.0,0.192,0.808,0.6369,positive
"Dashen Bank Super Up,use the app and makes your easy,fast,convinent.",5,2025-04-21,68,Dashen Bank,Google Play Store,0.0,0.698,0.302,0.5994,positive
To join digital world use supper app and make your life easy,5,2025-04-21,60,Dashen Bank,Google Play Store,0.0,0.662,0.338,0.6249,positive
best mobile banking application,5,2025-04-21,31,Dashen Bank,Google Play Store,0.0,0.417,0.583,0.6369,positive
"This banking superapp is incredibly well designed. The design and appearance of the app and the overall experience I have when using the app is fantastic. The app is packed with features from banking to e-commerce all in one place.It even has a budget setting option which is super useful for managing my money. Everything runs smoothly and I love how convenient it has made my daily life. Huge Kudos to Dashen Bank. You are truly living up to the motto ''Always one step ahead."" Keep it up!",5,2025-04-21,491,Dashen Bank,Google Play Store,0.0,0.756,0.244,0.9771,positive
I was really amazed by the idea of an e-commerce service on a banking app. This is what it means to be one step ahead. Please include all kinds of products in there as soon as possible.,5,2025-04-21,185,Dashen Bank,Google Play Store,0.0,0.858,0.142,0.6997,positive
this is what we expect to get service Dashen Bank always like his slogan,5,2025-04-21,72,Dashen Bank,Google Play Store,0.0,0.839,0.161,0.3612,positive
"Dashen SupApp is the most contemporary application, offering a great experience by enabling users to perform multiple tasks through a single platform‚Äîsuch as chatting with friends, transferring money, paying bills, and more. It is the first app of its kind in the Ethiopian banking industry, making it a remarkable opportunity for entrepreneurs working in app-based sales and software marketing. Good job, Dashen Bank!",5,2025-04-21,418,Dashen Bank,Google Play Store,0.0,0.738,0.262,0.9647,positive
Dashen Super App gives me an amazing convenience and makes life easy.,5,2025-04-21,69,Dashen Bank,Google Play Store,0.0,0.459,0.541,0.891,positive
excellent mobile banking app,5,2025-04-21,28,Dashen Bank,Google Play Store,0.0,0.448,0.552,0.5719,positive
Wow! like his name Super App...,5,2025-04-21,31,Dashen Bank,Google Play Store,0.0,0.222,0.778,0.8883,positive
Dashen supper app is the most special. ·ã≠·àù·âæ·â± ·ã≠·àà·ã´·ã´·àç!!!!,5,2025-04-21,53,Dashen Bank,Google Play Store,0.0,0.658,0.342,0.6323,positive
convenient and fast,5,2025-04-21,19,Dashen Bank,Google Play Store,0.0,1.0,0.0,0.0,neutral
Best- in-class app.,5,2025-04-21,19,Dashen Bank,Google Play Store,0.0,0.323,0.677,0.6369,positive
I really like this amazing application and Dashen Supper app that has made my life easier.,5,2025-04-21,90,Dashen Bank,Google Play Store,0.0,0.555,0.445,0.8866,positive
Superb,5,2025-04-21,6,Dashen Bank,Google Play Store,0.0,0.0,1.0,0.6249,positive
"amazing features, faster and easy to use",5,2025-04-21,40,Dashen Bank,Google Play Store,0.0,0.427,0.573,0.7717,positive
"The Dashen Super App offers a modern, user-friendly experience that leverages the latest technological advancements to deliver a seamless e-commerce platform",5,2025-04-21,157,Dashen Bank,Google Play Store,0.0,0.837,0.163,0.5994,positive
Best App!,5,2025-04-21,9,Dashen Bank,Google Play Store,0.0,0.182,0.818,0.6696,positive
I love it. one of the best mobile banking app in the banking industry,5,2025-04-21,69,Dashen Bank,Google Play Store,0.0,0.588,0.412,0.8555,positive
I love this app,5,2025-04-21,15,Dashen Bank,Google Play Store,0.0,0.417,0.583,0.6369,positive
no working for me hulum information asgebiche continue or accept yemilew button ayeseram my phone is Samsung A51,1,2025-04-21,112,Dashen Bank,Google Play Store,0.106,0.769,0.125,0.1027,positive
waw no idea the best app.,5,2025-04-19,25,Dashen Bank,Google Play Store,0.212,0.385,0.404,0.4588,positive
fast best app,5,2025-04-19,13,Dashen Bank,Google Play Store,0.0,0.323,0.677,0.6369,positive
Nice App,5,2025-04-18,8,Dashen Bank,Google Play Store,0.0,0.263,0.737,0.4215,positive
nice app ever,5,2025-04-17,13,Dashen Bank,Google Play Store,0.0,0.417,0.583,0.4215,positive
very disappointing app. Closes frequently and unstable in function,2,2025-04-17,66,Dashen Bank,Google Play Store,0.461,0.539,0.0,-0.7178,negative
"Feature-rich? Absolutely. But the speed? Painfully slow. Seriously, is it communicating with a server on Mars or something?",5,2025-04-16,123,Dashen Bank,Google Play Store,0.31,0.69,0.0,-0.8014,negative
nic app,5,2025-04-16,7,Dashen Bank,Google Play Store,0.0,1.0,0.0,0.0,neutral
Nice,5,2025-04-16,4,Dashen Bank,Google Play Store,0.0,0.0,1.0,0.4215,positive
"The Dashen Super App delivers a remarkably fast, highly secure, and exceptionally user-friendly experience, establishing it as a leading application in its category.keep it up and stay ahead Dashen Bank.",5,2025-04-14,203,Dashen Bank,Google Play Store,0.0,0.803,0.197,0.7818,positive
So far so good! their in person customer service is amazing üëè,5,2025-04-14,61,Dashen Bank,Google Play Store,0.0,0.574,0.426,0.8467,positive
The app is very backward and doesn't always work. If it works three hours out of 24 hours it's great!üò•,1,2025-04-14,102,Dashen Bank,Google Play Store,0.07,0.717,0.213,0.636,positive
·àù·à≠·å´·ã¨ ·äê·ãç,5,2025-04-13,7,Dashen Bank,Google Play Store,0.0,1.0,0.0,0.0,neutral
It's bad for the connection and too many days are it that not working,1,2025-04-12,69,Dashen Bank,Google Play Store,0.212,0.788,0.0,-0.5423,negative
it's samart,5,2025-04-10,11,Dashen Bank,Google Play Store,0.0,1.0,0.0,0.0,neutral
"The app is not working properly, I have been using it.",1,2025-04-10,54,Dashen Bank,Google Play Store,0.0,1.0,0.0,0.0,neutral
it is very good app,5,2025-04-10,19,Dashen Bank,Google Play Store,0.0,0.556,0.444,0.4927,positive
"I had a disappointing experience with Dashen Bank's Super Up service. The app is very slow and takes forever to load during transactions, which is incredibly frustrating. Additionally, it doesn't generate receipts for any transactions, making it difficult to keep track of my expenses. I also reached out to customer support, but the response time was longer than expected. Overall, I was hoping for a better experience, but I find the service lacking and in need of improvement.",2,2025-04-09,479,Dashen Bank,Google Play Store,0.065,0.75,0.185,0.9022,positive
slow cumbersome,3,2025-04-08,15,Dashen Bank,Google Play Store,0.0,1.0,0.0,0.0,neutral
Is really üíÄ,2,2025-04-08,11,Dashen Bank,Google Play Store,0.0,1.0,0.0,0.0,neutral
It's slow to send OTP. it's not reliable. It crushed many times. It needs improvement in many ways,1,2025-04-07,98,Dashen Bank,Google Play Store,0.0,0.75,0.25,0.6522,positive
"This is the worst mobile banking experience I‚Äôve ever had. It doesn‚Äôt work when you need it, and it randomly updates itself without warning. You can‚Äôt make transactions whenever you want. It‚Äôs a nightmare for anyone who relies on this as their main banking option, especially those with a lot of money in their account. I‚Äôm lucky I‚Äôm not one of them, but still, it‚Äôs infuriating not being able to access your money when you need it.""l",1,2025-04-07,434,Dashen Bank,Google Play Store,0.085,0.86,0.055,-0.679,negative
"I have experienced on using the app of Banks in Ethiopia, this Dashen sup is like old version of the applications for using. I gave 3 star for it's very low speed while login and processing",3,2025-04-07,189,Dashen Bank,Google Play Store,0.062,0.874,0.064,0.0276,neutral
proud by dashen bank,5,2025-04-06,20,Dashen Bank,Google Play Store,0.0,0.492,0.508,0.4767,positive
best,5,2025-04-06,4,Dashen Bank,Google Play Store,0.0,0.0,1.0,0.6369,positive
This app is not working unless you turn off developer mode on your phone. So it takes your rights to just use it.,2,2025-04-04,113,Dashen Bank,Google Play Store,0.0,1.0,0.0,0.0,neutral
real super up,5,2025-04-04,13,Dashen Bank,Google Play Store,0.0,0.339,0.661,0.5994,positive
it's very disappointing fix it as soon as possible not expected from dashin bank fix it,1,2025-04-04,87,Dashen Bank,Google Play Store,0.189,0.811,0.0,-0.5413,negative
why dashen bank workers hidden my ATM Card üèß?it's a big problem to me,5,2025-04-04,69,Dashen Bank,Google Play Store,0.162,0.838,0.0,-0.4019,negative
tanku,5,2025-04-04,5,Dashen Bank,Google Play Store,0.0,1.0,0.0,0.0,neutral
perfect,5,2025-04-03,7,Dashen Bank,Google Play Store,0.0,0.0,1.0,0.5719,positive
goood,5,2025-04-02,5,Dashen Bank,Google Play Store,0.0,1.0,0.0,0.0,neutral
why does it ask me for both pin and opt even the opt is touch let alone both,2,2025-04-02,76,Dashen Bank,Google Play Store,0.105,0.895,0.0,-0.25,negative
it is best app easy to use,5,2025-04-01,26,Dashen Bank,Google Play Store,0.0,0.413,0.587,0.7964,positive
It is very easy to use and powerful application.,3,2025-04-01,48,Dashen Bank,Google Play Store,0.0,0.539,0.461,0.7178,positive
this apps have a good feature but but some features like developer mode turn off irritate user,3,2025-04-01,94,Dashen Bank,Google Play Store,0.162,0.611,0.227,0.128,positive
"This is not only a mobile banking app, it is beyond that. We will access our account easily, we are able to get many information easily here. i.e. exchage rate. We are able to chat with others, we are able to budget, we are able to transfer to other bank and within Dashen. we are able to access many accounts in a single app, we are able to pay bills in QR scan, we are able to make payments and order delivery items here in a single app. #Always one step ahead.",5,2025-03-31,463,Dashen Bank,Google Play Store,0.015,0.935,0.05,0.5267,positive
wallahi very fantastic Bank,5,2025-03-31,27,Dashen Bank,Google Play Store,0.0,0.435,0.565,0.5984,positive
"Waw, It's amazing app. thank you Dashen Bank.",5,2025-03-31,45,Dashen Bank,Google Play Store,0.0,0.488,0.512,0.743,positive
nice app,5,2025-03-29,8,Dashen Bank,Google Play Store,0.0,0.263,0.737,0.4215,positive
"I‚Äôve been using the Dashen Bank Super App for a while now, and it‚Äôs been a game-changer. The app is super fast and reliable‚ÄîI‚Äôve never had an issue with transactions being delayed. One of my favorite features is the chat banking, which makes it so easy to do things like check my balance or transfer money just by typing a quick message. The budgeting tool is also really useful. It helps me keep track of my spending and gives me a clear picture of where",5,2025-03-28,455,Dashen Bank,Google Play Store,0.018,0.734,0.248,0.9744,positive
Very good app that like it too. B/c it is very fast and easy to use.,5,2025-03-26,68,Dashen Bank,Google Play Store,0.0,0.595,0.405,0.8341,positive
best experiences,5,2025-03-26,16,Dashen Bank,Google Play Store,0.0,0.192,0.808,0.6369,positive
too slow to use.,1,2025-03-26,16,Dashen Bank,Google Play Store,0.0,1.0,0.0,0.0,neutral
·å•·à© ·äê·ãç,5,2025-03-25,5,Dashen Bank,Google Play Store,0.0,1.0,0.0,0.0,neutral
the worst app in the market only good ui,1,2025-03-22,40,Dashen Bank,Google Play Store,0.293,0.5,0.207,-0.296,negative
nic,5,2025-03-22,3,Dashen Bank,Google Play Store,0.0,1.0,0.0,0.0,neutral
·â†·å£·àù ·âÖ·àç·àç ·ã´·àà ·ä†·çï ·â†·à≠·â±·àç·äï ·àà·ä†·å†·âÉ·âÄ·àù ·àù·âπ,5,2025-03-22,29,Dashen Bank,Google Play Store,0.0,1.0,0.0,0.0,neutral
thanks for all digital transaction,5,2025-03-21,34,Dashen Bank,Google Play Store,0.0,0.58,0.42,0.4404,positive
Best,5,2025-03-20,4,Dashen Bank,Google Play Store,0.0,0.0,1.0,0.6369,positive
"This app is not supporting smart phones that have old android version and so it is none inclusive. At the same time the amole lite is not working properly and once you reached to maximum otp trail mistakes due to network or other errors like stacks , you will be tied up to make Transactions. Ohh... tired!!!!!",1,2025-03-20,310,Dashen Bank,Google Play Store,0.202,0.74,0.058,-0.8668,negative
it's Be Come Busy &not working good,1,2025-03-20,35,Dashen Bank,Google Play Store,0.286,0.714,0.0,-0.3412,negative
I wanted to share some concerns about your Supper App. It appears to be experiencing reliability issues and isn‚Äôt performing as expected. I hope this can be addressed soon to improve the user experience. One star üåü for now.,1,2025-03-19,223,Dashen Bank,Google Play Store,0.0,0.822,0.178,0.7906,positive
"best ever digital banking sector essay for understanding ,smart and convince for using",5,2025-03-19,86,Dashen Bank,Google Play Store,0.0,0.529,0.471,0.836,positive
good and latest,5,2025-03-18,15,Dashen Bank,Google Play Store,0.0,0.408,0.592,0.4404,positive
The best App of all,5,2025-03-17,19,Dashen Bank,Google Play Store,0.0,0.488,0.512,0.6369,positive
Worst app ever,1,2025-03-15,14,Dashen Bank,Google Play Store,0.672,0.328,0.0,-0.6249,negative
"This app is the most unreliable mobile banking application I have ever used for transaction, it is very late, non-responsive and full of bugs. Its is very disappointing. It is just inconvinient, and not user friendly and compatabke at all !!!!!!",1,2025-03-14,245,Dashen Bank,Google Play Store,0.157,0.843,0.0,-0.8068,negative
Naiycapp,5,2025-03-14,8,Dashen Bank,Google Play Store,0.0,1.0,0.0,0.0,neutral
The app is good but it has no USSD option,4,2025-03-13,41,Dashen Bank,Google Play Store,0.22,0.627,0.153,-0.2144,negative
Hey great,5,2025-03-12,9,Dashen Bank,Google Play Store,0.0,0.196,0.804,0.6249,positive
I have used many mobile banking and also tellebir and mpesa nothing come close to this app. Well done Dashen indeed one step a head. A lot of cool features that amole hasn't the receipt and the account statement is superb for me. I hope you add more integrated small apps to.,5,2025-03-12,275,Dashen Bank,Google Play Store,0.0,0.808,0.192,0.886,positive
The app is good but it ask update every week so tiring,2,2025-03-11,54,Dashen Bank,Google Play Store,0.0,0.849,0.151,0.2382,positive
It good and easy to use,5,2025-03-11,23,Dashen Bank,Google Play Store,0.0,0.408,0.592,0.7003,positive
·â†·å£·àù ·ä†·à™·çç ·àò·â∞·åç·â†·à™·ã´ ·äê·ãç ·ç¢ ·ä†·àò·à†·åç·äì·àà·àÅ ·ç¢,5,2025-03-10,29,Dashen Bank,Google Play Store,0.0,1.0,0.0,0.0,neutral
"Greately improved since it was released! I really like the budget and expense tegistration feature. For ATM or POS withdrawals, it is not possible to account these expenses, even if it is visible on the transactions window. If that can be worked on, it will be improve so much!!",5,2025-03-10,278,Dashen Bank,Google Play Store,0.0,0.826,0.174,0.8648,positive
Excellent,5,2025-03-10,9,Dashen Bank,Google Play Store,0.0,0.0,1.0,0.5719,positive
Wow Excellent app,5,2025-03-08,17,Dashen Bank,Google Play Store,0.0,0.118,0.882,0.8176,positive
Nice app but i experience some issues with others banks transfer it keeps saying account is not exist most of the time.,4,2025-03-08,119,Dashen Bank,Google Play Store,0.0,0.917,0.083,0.2263,positive
Add the option to send money to any telebirr account like amole does.,3,2025-03-08,69,Dashen Bank,Google Play Store,0.0,0.828,0.172,0.3612,positive
It's best,5,2025-03-08,9,Dashen Bank,Google Play Store,0.0,0.192,0.808,0.6369,positive
no one dashen yichlal,5,2025-03-07,21,Dashen Bank,Google Play Store,0.423,0.577,0.0,-0.296,negative
In short ! I'm so proud of this app developers for their highest professional of developing. Thanks,5,2025-03-06,99,Dashen Bank,Google Play Store,0.0,0.676,0.324,0.8011,positive
The speed is too slow. Need some improvements.,2,2025-03-06,46,Dashen Bank,Google Play Store,0.0,0.753,0.247,0.3182,positive
good app,5,2025-03-04,8,Dashen Bank,Google Play Store,0.0,0.256,0.744,0.4404,positive
Fantastic app,5,2025-03-01,13,Dashen Bank,Google Play Store,0.0,0.217,0.783,0.5574,positive
I wish dark mode feature is add as an option but it's good app,5,2025-02-27,62,Dashen Bank,Google Play Store,0.0,0.678,0.322,0.6908,positive
"Super Up is the ultimate digital banking app, living up to its name with speed, efficiency, and innovation. Designed for a seamless experience, it offers lightning-fast transactions, top-tier security, and effortless financial management. With Super Up, banking has never been this smooth, smart, and super!",5,2025-02-26,307,Dashen Bank,Google Play Store,0.0,0.631,0.369,0.969,positive
"The Dashen Super App is a game-changer in digital banking, offering a seamless and convenient experience. With its user-friendly interface, fast transactions, and a wide range of financial services, it simplifies banking for customers. Features like bill payments, fund transfers, mobile top-ups, and loan applications make it an all-in-one solution. Plus, its security measures ensure safe and reliable Experiance effortless banking",5,2025-02-26,433,Dashen Bank,Google Play Store,0.0,0.768,0.232,0.9393,positive
·ä®·å∞·äê·å®·ã®·å†,2,2025-02-26,6,Dashen Bank,Google Play Store,0.0,1.0,0.0,0.0,neutral
"It has good feature. But, it is Very Slow! difficult to pay or receive. The Speed should be improved, else I didn't recommend.",2,2025-02-24,126,Dashen Bank,Google Play Store,0.254,0.557,0.189,-0.2788,negative
Excellent app,5,2025-02-24,13,Dashen Bank,Google Play Store,0.0,0.213,0.787,0.5719,positive
·ä†·çï·àç·ä¨·àΩ·äë ·ä†·à™·çç ·àÜ·äñ ·à≥·àà ·â¥·àå·â•·à≠ ·ãà·ã∞·à´·àµ ·â•·âª ·àà·àù·äï ·àÜ·äê ·ä•·äï·ã∞ ·ãµ·àÆ·ãç ·àà·à∞·ãç·àù ·àò·àã·ä≠ ·â¢·âª·àç,4,2025-02-22,57,Dashen Bank,Google Play Store,0.0,1.0,0.0,0.0,neutral
No good,1,2025-02-22,7,Dashen Bank,Google Play Store,0.706,0.294,0.0,-0.3412,negative
Wow amazing app,5,2025-02-21,15,Dashen Bank,Google Play Store,0.0,0.116,0.884,0.8225,positive
best platform... Please avoid otp,5,2025-02-21,33,Dashen Bank,Google Play Store,0.206,0.187,0.607,0.6486,positive
Super smart app.,5,2025-02-18,16,Dashen Bank,Google Play Store,0.0,0.132,0.868,0.765,positive
best üëçüëç,5,2025-02-16,7,Dashen Bank,Google Play Store,0.0,0.488,0.512,0.6369,positive
I don't know what happens but the application is not send verification pass code you should fix that,1,2025-02-16,100,Dashen Bank,Google Play Store,0.0,1.0,0.0,0.0,neutral
This app doesn't work on my phone my phone is Samsung Galaxy s7 android version 9 All other financial apps work like telebirr CBE M_pesa...,1,2025-02-14,139,Dashen Bank,Google Play Store,0.0,0.906,0.094,0.3612,positive
"Dashen Super app is secure, very easy to use and has more services uniquely like budgeting, chat, IPS...",5,2025-02-14,104,Dashen Bank,Google Play Store,0.0,0.533,0.467,0.9053,positive
Amazing and user friendly supper app and looking forward the additional features,5,2025-02-14,80,Dashen Bank,Google Play Store,0.0,0.588,0.412,0.7906,positive
it's amazing app i have seen ever,5,2025-02-13,33,Dashen Bank,Google Play Store,0.0,0.612,0.388,0.5859,positive
One star deducted for not to able to transfer to telebirr.,4,2025-02-13,58,Dashen Bank,Google Play Store,0.0,1.0,0.0,0.0,neutral
·å•·à© ·äê·ãç ·åç·äï ·â†·ã∞·äï·â• ·àä·à∏·àª·àç ·ã≠·åà·â£·àç,4,2025-02-13,23,Dashen Bank,Google Play Store,0.0,1.0,0.0,0.0,neutral
·çç·å•·äê·â± ·â†·å£·àù ·ä†·à™·çç ·äê·ãç! ·ä•·äì ·âÄ·àà·àç ·ã´·àà ·äê·ãç ! ·äê·åà·à≠ ·åç·äï ·â∞·å®·àõ·à™ ·ãà·ã∞ ·â¥·àå·â•·à≠ ·ä§·åÄ·äï·âµ ·àò·àã·ä™·ã´ ·ä†·çï ·â¢·ä´·â∞·âµ·â†·âµ ·å•·à© ·äê·ãç::,4,2025-02-12,79,Dashen Bank,Google Play Store,0.0,1.0,0.0,0.0,neutral
Keep up the good work and pleas add water and electric utility payment,5,2025-02-12,70,Dashen Bank,Google Play Store,0.0,0.805,0.195,0.4404,positive
The app missed some important features 1. It does't show recent transactions 2. Transfer to Telebirr limited to own telebirr 3. The statement does't show running balance,2,2025-02-11,169,Dashen Bank,Google Play Store,0.137,0.803,0.06,-0.3182,negative
"Simple, Fast and Easy ‚≠ê‚≠ê‚≠êüéâ",4,2025-02-10,26,Dashen Bank,Google Play Store,0.0,0.556,0.444,0.6808,positive
"·ã®·àö·åà·à≠·àù aplication ·äê·ãç, ·äê·åà·à≠ ·åç·äï ·â•·à≠ ·âµ·à´·äï·àµ·çà·à≠ ·à≤·ã∞·à®·åç ·ã´·àà ·çí·äï ·àò·àÜ·äë risk ·ä†·àà·ãç ·àÅ·àâ ·åä·ãú ·ã® ·âµ·à´·äï·àµ·çà·à≠ ·àò·ã∞·àù·ã∞·àö·ã´ ·çí·äï ·àò·àÜ·äï ·ä†·àà·â†·âµ!!!!!!!!!!!!:: ·ä†·à± ·â¢·àµ·â∞·ä´·ä®·àç 5 star ·ä†·àµ·ä®·ãõ·ãç ·åç·äï 4 ·à∞·å•·âª·àà·ãç::",4,2025-02-09,145,Dashen Bank,Google Play Store,0.105,0.895,0.0,-0.5053,negative
Baankii daashin baankii hudna galeessa galatoomaa isinii woliin jirra Godina jimmaa magaalaa Aggaaroo irraa Muaz Abamecha Abamilki,5,2025-02-07,130,Dashen Bank,Google Play Store,0.0,1.0,0.0,0.0,neutral
It doesn't work,1,2025-02-07,15,Dashen Bank,Google Play Store,0.0,1.0,0.0,0.0,neutral
"#Dashen Super App; Super easy to use, secure, and fast transaction. Love it!",5,2025-02-07,76,Dashen Bank,Google Play Store,0.0,0.313,0.687,0.9558,positive
"I tried the new Dash Bank Super App today, and it's amazingly easy and fun.I recommend you download and use it. You really like it",5,2025-02-06,130,Dashen Bank,Google Play Store,0.0,0.629,0.371,0.9079,positive
Gud app kegza ga mezmn endze new aind ermjh kedme nachu hlam,5,2025-02-06,60,Dashen Bank,Google Play Store,0.0,1.0,0.0,0.0,neutral
"Good app, bad security",3,2025-02-06,22,Dashen Bank,Google Play Store,0.357,0.102,0.541,0.2023,positive
On Transaction page only show sent Transaction. Try to include received transaction.,4,2025-02-06,84,Dashen Bank,Google Play Store,0.0,1.0,0.0,0.0,neutral
Wonderful Application üòç,5,2025-02-05,23,Dashen Bank,Google Play Store,0.0,0.374,0.626,0.7717,positive
I loved it,5,2025-02-05,10,Dashen Bank,Google Play Store,0.0,0.339,0.661,0.5994,positive
·ä†·àÅ·äï ·åà·äì ·ä†·äï·ãµ ·ä•·à≠·àù·åÉ ·âÄ·ã∞·àõ·âΩ·ãç,5,2025-02-04,21,Dashen Bank,Google Play Store,0.0,1.0,0.0,0.0,neutral
I am so thankful for having this best app Dashen one step ahead,5,2025-02-04,63,Dashen Bank,Google Play Store,0.0,0.53,0.47,0.8943,positive
Not good this app,1,2025-02-04,17,Dashen Bank,Google Play Store,0.445,0.555,0.0,-0.3412,negative
Best app,5,2025-02-04,8,Dashen Bank,Google Play Store,0.0,0.192,0.808,0.6369,positive
Excellent app ever but it needs improvement on speed and transaction lists,1,2025-02-03,74,Dashen Bank,Google Play Store,0.0,0.612,0.388,0.7469,positive
Perfect,5,2025-02-02,7,Dashen Bank,Google Play Store,0.0,0.0,1.0,0.5719,positive
"It does not work functional ,",1,2025-02-02,29,Dashen Bank,Google Play Store,0.0,1.0,0.0,0.0,neutral
all of dashen bank customers use the application it is good to use,5,2025-02-01,66,Dashen Bank,Google Play Store,0.0,0.805,0.195,0.4404,positive
Gret experience,5,2025-02-01,15,Dashen Bank,Google Play Store,0.0,1.0,0.0,0.0,neutral
All good we need more,3,2025-01-31,21,Dashen Bank,Google Play Store,0.0,0.58,0.42,0.4404,positive
"Dashen super app is easy to use, fast and robust",5,2025-01-31,48,Dashen Bank,Google Play Store,0.0,0.432,0.568,0.8481,positive
it was amazing app.....thank you dashen bank....,5,2025-01-30,48,Dashen Bank,Google Play Store,0.0,0.612,0.388,0.5859,positive
Dashen bank super app for easy life.,5,2025-01-30,36,Dashen Bank,Google Play Store,0.0,0.424,0.576,0.7783,positive
Excellent UI/UX and beyond Banking servicesüëçüëç,5,2025-01-30,45,Dashen Bank,Google Play Store,0.0,0.709,0.291,0.5719,positive
Send to oher bank ·ã®·àö·àà·ãâ ·ãâ·àµ·å• ·åà·â•·â∞·äï ·ãà·ã∞ addisinternational bank ·àà·àò·àã·ä≠ ·ä†·ã≠·à∞·à´·àù ·àÅ·àà·â∞·äõ ·ã∞·åç·àû ·ãà·ã∞ cbe birr ·àà·àò·àã·ä≠ account number ·ã≠·å†·ã≠·âÉ·àç ·àû·â£·ã≠·àç ·äê·â†·à≠ ·äê·ãâ ·àò·å†·ã®·âÖ ·ã´·àà·â†·âµ ·ã≠·àò·àµ·àà·äõ·àç,2,2025-01-29,145,Dashen Bank,Google Play Store,0.0,0.952,0.048,0.0772,positive
Just Wow,5,2025-01-29,8,Dashen Bank,Google Play Store,0.0,0.208,0.792,0.5859,positive
mobile banking to the next level,5,2025-01-28,32,Dashen Bank,Google Play Store,0.0,1.0,0.0,0.0,neutral
The first 3 star review is me,3,2025-01-25,29,Dashen Bank,Google Play Store,0.0,1.0,0.0,0.0,neutral
Is not working,1,2025-01-25,14,Dashen Bank,Google Play Store,0.0,1.0,0.0,0.0,neutral
"Fast, reliable and user friendly. Amazing chatting features. Keep it up! Always one step ahead!",5,2025-01-24,95,Dashen Bank,Google Play Store,0.0,0.632,0.368,0.8217,positive
V good ‚ùóÔ∏è,5,2025-01-24,9,Dashen Bank,Google Play Store,0.0,0.508,0.492,0.4404,positive
"This app is literally the best thing ever The chat banking is so easy just text and it‚Äôs done Super smooth, fast, and honestly a life saverIf you haven‚Äôt downloaded it yet you‚Äôre missing out big time",5,2025-01-23,199,Dashen Bank,Google Play Store,0.045,0.653,0.303,0.9279,positive
I only see white page,2,2025-01-23,21,Dashen Bank,Google Play Store,0.0,1.0,0.0,0.0,neutral
Excellent banking app for all your needs! Who needs a physical branch when you can use Dashen Bank Super App Instead! I've never had an issue with anything that Dashen Bank Super App haven't handled swiftly and resolved to my satisfaction and above I don't often write reviews but this is an app/bank that I would highly recommended to everyone üíØ üëåüëç,5,2025-01-22,349,Dashen Bank,Google Play Store,0.018,0.709,0.273,0.9614,positive
Amizing Application üòç,5,2025-01-22,21,Dashen Bank,Google Play Store,0.0,0.625,0.375,0.4588,positive
Fastest and easy to use,5,2025-01-22,23,Dashen Bank,Google Play Store,0.0,0.58,0.42,0.4404,positive
·àµ·àù ·â•·âª üòè,2,2025-01-21,7,Dashen Bank,Google Play Store,0.0,1.0,0.0,0.0,neutral
Exellent app with exellent banking system and exellent bank ever,5,2025-01-21,64,Dashen Bank,Google Play Store,0.0,1.0,0.0,0.0,neutral
Amazing app to use as usual! But why option of transferring to Telebirr and M pesa which was available on Amole app is omitted?? Dasheen is my favourite keep it up.,4,2025-01-20,164,Dashen Bank,Google Play Store,0.0,0.908,0.092,0.4682,positive
Needs some improvement,5,2025-01-20,22,Dashen Bank,Google Play Store,0.0,0.4,0.6,0.4588,positive
Amazing,5,2025-01-20,7,Dashen Bank,Google Play Store,0.0,0.0,1.0,0.5859,positive
Amazing super app,5,2025-01-19,17,Dashen Bank,Google Play Store,0.0,0.115,0.885,0.8271,positive
I hope it will be better than amole,5,2025-01-18,35,Dashen Bank,Google Play Store,0.0,0.508,0.492,0.7003,positive
Wly Super App ilove it ‚ù§Ô∏è üòç üíñ üíï,5,2025-01-18,31,Dashen Bank,Google Play Store,0.0,0.362,0.638,0.9559,positive
Dashen yichalal. Ewnetem one step a head,5,2025-01-17,40,Dashen Bank,Google Play Store,0.0,1.0,0.0,0.0,neutral
It has a Good performance but need more upgrade for more performance like when we login account not be fast balance show other thing looking good. Carry on. Thanks so much for Greatest service,4,2025-01-17,192,Dashen Bank,Google Play Store,0.0,0.598,0.402,0.9662,positive
"It is a very wonderful work that has saved its time. That is why it is ""Always one step ahead!""",5,2025-01-17,95,Dashen Bank,Google Play Store,0.0,0.718,0.282,0.7955,positive
‚ÄúLife-changing!‚Äù I can‚Äôt imagine going back to traditional banking after using this app. It‚Äôs so convenient.,5,2025-01-17,108,Dashen Bank,Google Play Store,0.0,1.0,0.0,0.0,neutral
Pro max,5,2025-01-17,7,Dashen Bank,Google Play Store,0.0,1.0,0.0,0.0,neutral
The most good app and easy,5,2025-01-16,26,Dashen Bank,Google Play Store,0.0,0.396,0.604,0.7264,positive
"Excellent and user friendly App. Excellence is what makes you always one step ahead. Dashen Bank, Always One Step Ahead !!",5,2025-01-16,122,Dashen Bank,Google Play Store,0.0,0.608,0.392,0.9115,positive
Proud to be dashen family . Shout out to the serial entrepreneur üëè,5,2025-01-16,66,Dashen Bank,Google Play Store,0.0,0.807,0.193,0.4767,positive
First ATM in East africa ‚≠êÔ∏è‚≠êÔ∏è‚≠êÔ∏è‚≠êÔ∏è‚≠êÔ∏è,5,2025-01-16,35,Dashen Bank,Google Play Store,0.0,1.0,0.0,0.0,neutral
Best app.,5,2025-01-16,9,Dashen Bank,Google Play Store,0.0,0.192,0.808,0.6369,positive
Better Move to catch the competition upüëç,5,2025-01-16,40,Dashen Bank,Google Play Store,0.0,0.734,0.266,0.4404,positive
"Great job my home, my bank.",5,2025-01-16,27,Dashen Bank,Google Play Store,0.0,0.549,0.451,0.6249,positive
Always one step ahead! What a masterpiece.,5,2025-01-16,42,Dashen Bank,Google Play Store,0.0,0.577,0.423,0.6588,positive
Great App Well done Dashen Bank,5,2025-01-15,31,Dashen Bank,Google Play Store,0.0,0.392,0.608,0.7351,positive
Great!,5,2025-01-15,6,Dashen Bank,Google Play Store,0.0,0.0,1.0,0.6588,positive
"I love it but it has bugs during confirmation of password! So, please make it functional",5,2025-01-15,88,Dashen Bank,Google Play Store,0.0,0.706,0.294,0.7043,positive
Always one step forward,5,2025-01-15,23,Dashen Bank,Google Play Store,0.0,1.0,0.0,0.0,neutral
"It's great! But it will be advanced if you include a caption that allow customers to transfer to Telebirr account. Dashen Bank, ""·ä©·àâ ·åç·ãú·ç° ·àì·ã∞ ·àµ·åï·àö ·âÄ·ã≥·àö·ç¢"" (Always one step ahead!)",4,2025-01-15,173,Dashen Bank,Google Play Store,0.0,0.778,0.222,0.7896,positive
Small size with vast features and functionalities.,5,2025-01-15,50,Dashen Bank,Google Play Store,0.0,1.0,0.0,0.0,neutral
Amazing app üëè üëå Dashen bank one step a head,5,2025-01-15,43,Dashen Bank,Google Play Store,0.0,0.475,0.525,0.873,positive
"It has a great application features from the beginning. I'm glad to use it even I haven't used it yet because I haven't activated my account yet. But it's simple, comprehensive, full of information, and fast. ·â†·à≠·â± ·ã≥·à∏·äñ·âΩ: The super app has impressed me more than I expected.",5,2025-01-15,271,Dashen Bank,Google Play Store,0.0,0.734,0.266,0.9387,positive
Dashen Bank Always One Step Ahead!,5,2025-01-15,34,Dashen Bank,Google Play Store,0.0,1.0,0.0,0.0,neutral
U can't create account,1,2025-01-15,22,Dashen Bank,Google Play Store,0.377,0.623,0.0,-0.2057,negative
Really super app... so seamless and with a nice user interface .. we are proud of you dashen bank ...,5,2025-01-15,101,Dashen Bank,Google Play Store,0.0,0.627,0.373,0.8777,positive
We will see it,2,2025-01-15,14,Dashen Bank,Google Play Store,0.0,1.0,0.0,0.0,neutral
Always one step a head!,5,2025-01-15,23,Dashen Bank,Google Play Store,0.0,1.0,0.0,0.0,neutral
"A lightweight,catchy and smooth app",5,2025-01-15,35,Dashen Bank,Google Play Store,0.0,1.0,0.0,0.0,neutral
Very impressive interface with best security feature and user friendly app.,5,2025-01-15,75,Dashen Bank,Google Play Store,0.0,0.343,0.657,0.9245,positive
It is so far so good it has a unique features than telebirr good job Dashen,5,2025-01-15,75,Dashen Bank,Google Play Store,0.0,0.668,0.332,0.7888,positive
"Yea , it's a good idea to make it with the bank name, it will help for the bank easily to find the application, and customers can easily downloed and use the product. I wish all the best for Dashen bank initiative.",5,2025-01-15,214,Dashen Bank,Google Play Store,0.0,0.675,0.325,0.946,positive
This is My Bank!,5,2025-01-15,16,Dashen Bank,Google Play Store,0.0,1.0,0.0,0.0,neutral
"Truly, db => AlwaysOneStepAhead !!",5,2025-01-14,34,Dashen Bank,Google Play Store,0.0,0.534,0.466,0.5399,positive
ALWAYS ONE STEP AHEAD,5,2025-01-14,21,Dashen Bank,Google Play Store,0.0,1.0,0.0,0.0,neutral
Well developed,5,2025-01-14,14,Dashen Bank,Google Play Store,0.0,0.323,0.677,0.2732,positive
oh nice!!! i wish it's very nice app,5,2025-01-14,36,Dashen Bank,Google Play Store,0.0,0.346,0.654,0.858,positive
Really the app looks like amazing. I can't wait to activate in the morning.,5,2025-01-14,75,Dashen Bank,Google Play Store,0.0,0.656,0.344,0.743,positive
Applause üëè Dashen Bank. One of the best super app inorder to pay easily and securely. One step a head.,5,2025-01-14,102,Dashen Bank,Google Play Store,0.044,0.467,0.489,0.936,positive
Wow Dashen Super App üöÄüöÄ,5,2025-01-14,23,Dashen Bank,Google Play Store,0.0,0.342,0.658,0.8271,positive
All in One,5,2025-01-14,10,Dashen Bank,Google Play Store,0.0,1.0,0.0,0.0,neutral
The best Banking app I have ever seen,5,2025-01-14,37,Dashen Bank,Google Play Store,0.0,0.625,0.375,0.6369,positive
It looks good and simple to use,5,2025-01-14,31,Dashen Bank,Google Play Store,0.0,0.674,0.326,0.4404,positive
App That makes Difference!,5,2025-01-14,26,Dashen Bank,Google Play Store,0.0,1.0,0.0,0.0,neutral
Faster and userfriendly,5,2025-01-14,23,Dashen Bank,Google Play Store,0.0,1.0,0.0,0.0,neutral
