review,sentiment,cluster
it's not working,neutral,1
"Hello, Iâ€™m facing a problem with the BOA Mobile app. Every time I enter my phone number and password, the app crashes and shows an error that says â€œBoaMobile closed because this app has a bug.â€ I tried updating, reinstalling, and clearing cache, but nothing worked. Please fix this bug in the next update. I really need access to my account. Thank you.",negative,1
exceptional,neutral,1
BoA Mobile good bank,positive,2
this is worest app 24/7 loading,neutral,1
This App is not interest for Android phone Please update it .,neutral,1
BoA system is confartable,neutral,2
very nice Abyssinia bank is choice all,positive,1
"this app, for me , is a waste of time. It doesn't work . I can't even long in, and it really piss me off. FIX THE PROBLEM",negative,1
Good service.,positive,1
the app crush frequently,negative,1
good,positive,1
You guys keeps getting worst,negative,1
"This app is a joke. It crashes more than it works, takes forever to load, and half the features are just decorative at this point. Canâ€™t log in, canâ€™t transfer money, canâ€™t even check my balance without it bugging out. To the developer: Are you actually trying to make this work, or is this some kind of social experiment to test our patience? Did you build this in your sleep? Because it definitely looks like it. If this is your idea of a functional app, maybe consider a different career pathğŸ™",positive,1
BoA,neutral,2
but not opening on android,neutral,1
Worst App ever. Totally unreliable. And it didn't work at all for the last 4 months.,negative,1
amazing,positive,1
excellent app,positive,1
excellent,positive,1
áˆáˆ‹á‹¬ áŠ¨á‰ á‹°,neutral,1
"this app does no work on Samsung a51, it just gives a preview of the logo",negative,1
nice,positive,1
"i entered incorrect security question by mistake boa app lock pin forever, why is there no other options? ?? i contacted different branchs more then 4times but they didn't able to solve this issue .",negative,1
Best app,positive,1
liking this application good ğŸ‘,positive,1
"This app future is good, but there is problems with apps to reset and activate it, which is difficult even to the branch staffs, and it takes too long times to active at the branch plus most of the time high expected failure of activation after process at the counter and OTP sent not work",negative,1
wow,positive,1
it's really good ğŸ‘,positive,1
Bad app . it stuck when you open and noting WORKS.,negative,3
"the app isn't working after it asked me the password it starts loading, but it doesn't open",neutral,1
Best,positive,1
It keeps showing this pop up to turn off developer options even tho it's off! I had to turn on and then off to make it work! This is a horrible experience and needs a fix asap! Plus kinda slow.,negative,1
yideg,neutral,1
áŠ á‹­áŠ¨áá‰µáˆ áŠ¥áŠ®,neutral,1
great boa,positive,2
boa of mobile backing,neutral,2
faster bank of Abissinya,neutral,1
i would have given it a lower if it was possible because it crush so much and it take the bank so long to fix the bug,negative,1
it just doesn't work...so frustrating,positive,1
like,positive,1
it's not work correctly... you must have update it,neutral,1
"the app gets a considerable improvements like language , QR scanner and unlimited transfers survice. but BOA Please do alot on its fastness and convenient when we login and making a transactions.",positive,1
after i typed in my password it says successfully logged out ...and goes back to the first page,positive,1
good but they don't update enough don't add new things,positive,1
very good,positive,1
thank you,positive,1
it doesn't work period z slowest mobile banking ever i would rather use *815#,neutral,1
"after activated the application it not allowed to sign , automatically it is turn off In my phone, why ?",neutral,1
good application,positive,1
this version is not working for me I cannot even buy card. I cannot send money,neutral,1
"It can't actively on initialization, it says incorrect OTP getting the exact OTP",negative,1
always problematic hardly works,negative,1
considering the fact the bank is huge this app really bad you could do better,positive,1
best app,positive,1
"worst app and Bank ever u be ashamed, scammer",negative,1
great BoA,positive,2
best,positive,1
i have went to the bank so many times because i couldn't make any transaction i can only see my balance nothing else so what is the point of having mobile banking if i can't make any transaction with it please work in that,positive,1
there is no speed,negative,1
"For anyone who wants to download it, just don't!!!",neutral,1
wonderful,positive,1
all worck,neutral,1
Loved it,positive,1
Wow,positive,1
"Edit: New bug, app not letting me type in my otp codes. Shameful Why does this app not allow me to use it while having developer options on? Did y'all consider that I might, perhaps, be an actual developer? Why am I expected to toggle the option on and off just to bank (restarting my phone when I do)? Why is the message labled as somthing that will ""smoothen"" the experience? This is like the most ""security consultant"" thing to implement in an app. Please invest in actual security, not this mess.",positive,1
Improved to be the best,positive,1
"Decent, but there problems sometimes it says error When i transfer money but infact it transferred because of this bug i transferred 2 times instead of 1 and also we can't transfer money to others telebirr acc we only can to our self BOE Dev fix this !!!",negative,1
BoA Greqt Ethiopian bank.,neutral,2
"The bug is still there,the app crashes every time i try to log in, especially in old phones like my Galaxy A32",positive,1
Almost better compared to cbe where it is not qualified for,positive,1
what awesome apps. it is very simple to use and more much important apps.,positive,1
Wonderfull app,neutral,1
i can't use this app why?,neutral,1
Worst mobile banking app I ever experienced I was blaming other apps but comparing with this they're too much better!!!! It clashes it takes much longer time to login while loading in short it's a complete of trash,positive,1
bro the worst app made by human kind!! as a software engineer it make me so sad seeing enterprise as big as BOA make apps like this. it is a disgrace for our country!!,negative,1
AGA B Girja Miss language of admin Afaan oromo & other Itoophiyaa languages,negative,1
Good app,positive,1
"I downloaded the app for the first time while reading other customers reviews and as soon as i installed and opened the app it closes back automatically, what unserious bank, now i uninstalled the app immediately",neutral,1
It has good features but sometimes it doesn't work...0,positive,1
Very poor proformance,negative,1
It's not opening. Really frustrating,positive,1
Verry Amazing App from all IB,positive,1
Not working on this days,neutral,1
Thank you BoA,positive,2
best banking app in the wworld,positive,1
Nice app and it's easy to use,positive,1
"please add language in the apps setting(amharic afan oromo, tigniya,and others) sometimes bank to bank transfer is not available through time and even if if it is available not reachableâ€¦it is serious issue!",positive,1
This is help full i like ittttt,positive,1
The is not functional at all?,neutral,1
Best bank,positive,1
Make it easy and convienient to use and perfect for all to high prefrence and choice.,positive,1
ğŸ‡ªğŸ‡¹ğŸ‡ªğŸ‡¹ğŸ‡ªğŸ‡¹ğŸ‡ªğŸ‡¹ğŸ‡ªğŸ‡¹ğŸ‡ªğŸ‡¹ğŸ‘ğŸ‘ğŸ‘ğŸ‘ğŸ‘ğŸ‘ğŸ‘,neutral,1
I have been using this app for two years.It is amazing.,positive,1
Good ğŸ‘,positive,1
Sad experience,negative,1
Always do update and that is annoying,negative,1
"Best app, somehow waiting a few minutes",positive,1
I can't dijitalize my atm in the apollo app on my phone,neutral,1
Whenever I try to sign in app close please fixed it out,positive,1
Beter,neutral,1
Boa,neutral,2
á‰ áŒ£áˆ á‹¨áˆšá‹«áˆµáŒ áˆ‹ áŠ á• á‰ áŒ£áˆ á‹¨á‹ˆáˆ¨á‹° á‹œáˆ® áŠá‹ á‹¨áˆáˆ°áŒ á‹ á‹˜áˆ® It's not App it's very slow ehhhh. Why don't you upgrade the app???? It's always zero,neutral,1
Aadan Axmed Barkhadle,neutral,1
ğŸ˜¡ğŸ˜¡ğŸ˜¡ğŸ¤¬ğŸ¤¬ğŸ¤¬,neutral,1
Horrible customer service and app crashes Horrible!!,negative,1
I love it,positive,1
It keeps asking me to turn off developer mode even when dev mode is off. Couldn't use it.,neutral,1
GoodğŸ™,positive,1
Like to much,positive,1
Thank you,positive,1
Perfect,positive,1
The best of best,positive,1
I was using this app for long time it amazing user friendly UI but the i can't found for get pin button in the app,positive,1
Great ğŸ‘,positive,2
Fast and suitable for the customers.,neutral,1
Good app and helpful,positive,1
"I will give only one star, because it faced with multiple of problems. 1. The app is not as fast as the other banks App, for e.g like CBE 2. The App asks repeatedly to switch off developer options, even if it is switched off. 3. Bank of Abyssinia's services are interesting, but they ignored the issues on the App service. 4. Most customers gave a complain on the App, but no one accept their complain to fix the issue. 5. Lastly, I will not recommend the App unless the issue has been solved ASAP!!",negative,1
By assessing this you can tell Abyssinia bank has no idea what mobile banking is ?,negative,1
It doesn't work at all.,neutral,1
this app is not available,neutral,1
Wow what amazing,positive,1
love it,positive,1
á‰ áŒ£áˆ áˆ˜áˆ»áˆ»áˆ áŠ áˆˆá‰ á‰µ....... áˆˆ á‰£áŠ•áŠ© áˆ›á‹­áˆ˜áŒ¥áŠ• áˆ˜á‰°áŒá‰ áˆ­á‹« áŠá‹ ::,neutral,1
Lemn embi yilal??,neutral,1
Good,positive,1
It's useless app downgraded.,negative,1
Why is not letting me access my account. The whole point of this app is for me to gey access to my account without physically being at the bank. I would give it a zero but a one will suffice to get my point accross.,neutral,1
Nice,positive,1
When are you going to get rid of this and have a real app that works? By far the worst mobile banking app.,negative,1
áŠ á‹­áˆ°áˆ«áˆ áˆ¼áˆ áŠá‹á¤,neutral,1
Not that much bad,positive,3
Fine,positive,1
The dirtiest application ever seen...,negative,1
Nic ap,neutral,1
The forest app ever,neutral,1
"I love BoA more than anyone but they are cursed when it comed to mobile banking. Even though this ine is hetter it still s*cks! It will ask me to turn off developer options other wise it won't work! I use CBE, Awash birr, tekebirr, Dashen bank and others but non of them asked me this, why only BoA? Please improve your mobile banking, be competitive!",positive,1
Bank of abissena,neutral,1
"Easy and sooo simple to use it, also its easy to stole someones money using the app",positive,1
GOOD,positive,1
The worst banking app ever. Never works!,negative,1
Poorly functioning app,neutral,1
Very nice,positive,1
Your system is the worst you should do betterğŸ˜¡ğŸ˜¡ğŸ˜¡ğŸ˜¡ğŸ˜¡ğŸ˜¡,negative,1
It has been a while since you guys started giving the mobile app service but still couldn't get it to work. I'm sure you know that it doesn't work already but not sure if you're lazy or incompetent to fix it. You are losing business because of this. Complacency will have consequences.,negative,1
"This is the best app; many features are awesome, but it should work without the need to turn off the developer options. I'm tired of having to constantly switch the developer options off and on. I've been expressing my struggles about this. I have precious settings enabled in the developer options, and to open the App Boa app, I have to turn them off. Please help us, Abyssinia Bank. I hope you can provide an update soon.",positive,1
"Iâ€™m giving this app one star because there are no options below that. My experience has been incredibly frustrating due to the extremely long loading times, and the app even closes automatically at times. People choose mobile banking for its convenience, but this app is far too time-consuming, making it the worst Iâ€™ve used. I hope improvements are made to enhance the user experience.",negative,1
Very unprofessional and mischievous bank in my opinion. I have had several occasions but recently I used Abyssinia Card to withdraw money and it was deducted from my account but despite reporting several times they said they are processing it but I learned yesterday that since it has been 3 months the bank has decided to include it in their income. How absurd. If you can avoid this bank.,negative,1
It doesn't work on my 2 devices A05 and A34 ğŸ˜¡,neutral,1
It's better to say I don't use boa rather than pulling your phone out and opening this app,positive,0
My attention is very important because it will be the most difficult time for me,negative,1
"I have a worst experience while using this mobile application through out the year. Most of the time it fails to ""Login"" or automatically closed the app. And also it takes so much loading time (5 minutes +) trying to access the internal services. Sometimes also while transferring within and to other bank also fails. So, BOA please fix your app.",negative,1
I don't know why but your apps start out great then all of a sudden don't workğŸ¤·â€â™€ï¸,positive,1
This application is losing major factions on a daily basis. I can count how many times I have used this app; it is completely useless and disappointing if I am not going to use it in times of need then I don't see the point.,negative,1
exellent digital transaction of money,neutral,1
The latest update has stopped android 9 phones not to open this App. Never work properly since i started using it.,negative,1
Great,positive,2
ğŸ‘ğŸ‘ğŸ‘,neutral,1
Money,neutral,1
It needs more improvment,neutral,1
Hey Google,neutral,1
Ademtahir,neutral,1
âœŒï¸âœŒï¸,neutral,1
Please this app on my android phone,positive,1
GOAT ğŸ ğŸ,neutral,1
"Your app doesn't match your bank, the app is disaster, super slow. Please learn something from tele birr app.",positive,1
Fast and reliable,neutral,1
"The worst app update ever. Why would you include the ""developer option off"" thing here? Why do you care? It is my phone my money, right? That is the reason why I switched to other banks. So either turn it off or everyone will discontinue their business one by one.",negative,1
Very good,positive,1
One of the poorest mobile banking system,negative,1
â¤â¤â¤â¤â¤â¤,positive,1
Oene,neutral,1
i find it interesting specially in reciept downloading,positive,1
it good,positive,1
"This app crashes everytime, please fix it",positive,1
áŠ áŠ•á‹µ star áˆ«áˆ± á‹­á‰ á‹›á‰ á‰³áˆá¢ i dont recomend to use this app also the bank,neutral,1
I need a support the app is not working,positive,1
Bast bank of ethiopia,neutral,1
very slow app. áŠ á‰¢áˆ²áŠ’á‹«áŠ• áŠ¨áˆšá‹«áŠ­áˆ á‰£áŠ•áŠ­ á‹¨áˆ›á‹­áŒ á‰ á‰… software app. áŠ¨á‰»áˆ‹á‰½áˆ áˆ™áˆ‰ áˆˆáˆ™áˆ‰ áŠ¥áŠ•á‹°áŒˆáŠ“ áŠ áˆ°áˆ©á‰µá¢á‰ áŒ£áˆ á‹­áˆ˜áˆ«á‹«áˆ á‹«áˆ³ááˆ«áˆá¢áˆˆapp á‹¨á‹ˆáŒ£á‹ á‹ˆáŒ­ á‰ áˆ™áˆµáŠ“ á‹¨á‰°á‰ áˆ‹ áŠá‹ á‹¨áˆšáˆ˜áˆµáˆˆá‹á¢,neutral,1
"thank you for your social services like, vertual banking, non touch ATM, Cadrless and withdrwal with out passbook...",positive,1
The worst App i have never seen like this before,negative,1
Wweeeer,neutral,1
Infinx,neutral,1
Great service,positive,2
This app is not available on all android versions and some times it is not functional.,neutral,1
senayt Mesfin,neutral,1
Bad app vety bad.,negative,3
Abessnya Banke,neutral,1
"The most useless app, I never expected such an irrelevant app from BOA. big shame!",negative,1
Okay,positive,1
Professional on banking app,neutral,1
Has some nice interface but always freezes or slow to load .App developers please fix this issue.,positive,1
áŠ á‹­áˆ°áˆ«áˆ áŠ áˆµá‰°áŠ«áŠ­áˆ‰á‰µ,neutral,1
Please try another because this app doesn't feet the need of this generation,positive,1
Fast transfer,neutral,1
"What's up I can't log in, what's wrong",negative,1
Amrumehamed,neutral,1
"Nice to meet you my proud bank in Ethiopia.. I'm a member of this bank, i need to solve my problem of international receiving money for me from my online digital working service's over the world please? I'm working a lot of international money.But i can't get direct in Ethiopia because of don't knowing the legal ways of getting money in Ethiopia please can I get and direct deposit with BoA please ğŸ™ğŸ™ğŸ™?",positive,1
á‹°á‹°áŒˆáŠáˆ,neutral,1
"Terrible Bank Experience Itâ€™s unbelievable that with all the modern technology, this bank still struggles with even basic transactions. The app constantly crashes, services are limited, and every time I try to transfer money or load Telebirr, thereâ€™s a huge delay. I have to wait 5 days for failed transactions to be refunded! Even USSD is unreliable. Theyâ€™ve put me in embarrassing situations countless times, and customer care never fixes anything. Iâ€™ve switched banks, and you should too!",negative,1
A painfully slow banking app service. Please don't make it your choice!,negative,1
Good App,positive,1
Best app to me,positive,1
BOA,neutral,2
Abdulkadir,neutral,1
Bad,negative,3
If it is possible I would gove0 star,neutral,1
Nise mobile bankig,neutral,1
Overall good app but performance needs some improvement also sometimes when using instant other bank transfers it refuses causing to be repeated several times to transfer,positive,1
Just make it work pleaseğŸ¤£ this is embarrassing for a bank of your size,positive,1
Update to the simplest way it requires the developer option on and off why this is,neutral,1
"Stop telling me what to do with my phone, BOA. Why does your newly updated app keep asking me to disable the developer options? Iâ€™m not slowing down my phone just to use your God damn app. ğŸ¤®ğŸ¤®ğŸ¤®ğŸ¤®",negative,1
I'm living out of country how may I download and use mobile banking? It asks me the Ethiopia phone number and I can't receive text to confirm because I'm out side the country. So please lete know if I can use while I'm outside the country. Thanks,positive,1
Worest app,neutral,1
The worest app ever,neutral,1
áŠ áˆªá áŠá‹ á‰ áˆ­á‰±áˆáŠ•,neutral,1
Wwwerrr,neutral,1
áŒ€áˆ›áˆ á‹á‰€á‰±,neutral,1
Great For Financial company,positive,1
Very easy to use,positive,1
The App's crash always.. Error.....,negative,1
This app is incredibly frustrating to use. Itâ€™s filled with issues that make it difficult to navigate and complete tasks efficiently. Iâ€™ve never encountered such a poorly designed banking application before. It needs significant improvements to enhance user experience. It deserves a vey low rating.,negative,1
Great UI and seamless UX. I love it!!,positive,2
That's too good application but try to add more alternatives and futures or possibilitys for your customers,positive,1
It's easy used to operate program and secured ğŸ‘ğŸ‘,positive,1
I bought a mobile card on this app but I didn't receive it and it took my money and I didn't get my money back.,neutral,1
Amazing,positive,1
Great app with great services,positive,2
Yes active user,positive,1
Shameful,negative,1
The worest app ever made i would not recommende for no one,positive,1
Good application,positive,1
I like,positive,1
"How many hours should I wait after transferring money to telebirr, please do something about the transfer delay issue I need my money when ever.",neutral,1
"BOA is unreasonably holding and delaying transactions for more than a day, even transactions within the same bank itself. This is a huge gap that I observed in BOA mobile banking. I didn't experience this kind of challenge while having transactions in other banks' mobile banking platforms. After waiting so long, I called your customer support team and the response they gave me was ""it was the system that holds the transaction & will be released on working days"". This is not totally fair.",positive,1
á‹¨áŠ¥áˆ­áˆµá‹áŠ• á‰°áˆáŠ­áˆ® á‹­áŒáˆˆáŒ¹ (áŠ áˆ›áˆ«áŒ­),neutral,1
It's not working. It needs a big update. Can't you update the app quickly?,neutral,1
"I am Aimohon Joel , It's can be Good for a Better Conversation in Time ğŸ™‚",positive,1
"Better app than most mobile apps, but why do I have to turn off developer option every time I wanna use the app?? It's annoying.",negative,1
Bes and freindly app,neutral,1
It doesn't work.,neutral,1
"It say ""The request was not successful. please check device connectivity or try again"" why? One of the bank manager told me it is because of my phone's android version which is 9.1 It is ridiculous! Disappointing",negative,1
How to download or screenshot of payment receipt...what kinda worst app ever ğŸ¤®ğŸ¤®ğŸ¤¢,negative,1
Smart technology,positive,1
Yegema app tishğŸª¨,neutral,1
"This is not an appropriate app, i don't know how boa develops this app, i don't expect this much crazy and un confortable app form BOA, I'm soory!!!",negative,2
"Shockingly bad! Even when it decides to work, it's painfully slow and frustrating. Such a shame that it has become a stain on an extraordinary bank",negative,1
"It crashes frequently. It launches on Android 8.1 but I don't think it actually works on versions less than 10. If so, it shouldn't be available for download by such devices to begin with, like many other finance apps are not. It was so much better three months ago, upgrades should be for the better.",positive,1
Awesome application. But lately its crashing everytime i opened it.,positive,1
áŠ¥áŒ…áˆ á‰ áŒ£áˆ á‹°áŠ«áˆ› áŠ á• áŠá‹ áˆ²áˆáˆáŒ á‹­áŠ¨áá‰³áˆ áˆ²áˆáˆáŒ áŠ á‹­áŠ¨áá‰µáˆ áŠ¨áŠ á‹‹áˆ½ áŠ¥áŠ“ áŠ•áŒá‹µ á‰£áŠ•áŠ­ á‹¨áˆ˜áˆ³áˆ°áˆ‰ á‰£áŠ•áŠ®á‰½ áˆ²á‹ˆá‹³á‹°áˆ­ áˆá‰£á‹­áˆ á‰£áŠ•áŠªáŠ•áŒ App áŠ¥áŒ…áŒ á‹¨áˆšá‹«á‰ áˆ³áŒ­ áŠá‹ áˆˆá‹áŒ¥ á‹«áˆµáˆáˆáŒ‹á‰½áŠ‹áˆ,neutral,1
Fast one,neutral,1
Nice looking app but a terrible user experience.,negative,1
The worest MB app ever!!ğŸ™„,neutral,1
It is ok,positive,1
Plz fix the Apps ....screenshot lovation hide from glarey share botten not workğŸ˜”ğŸ˜”,positive,1
Apollo's,neutral,1
The worst experience ever,negative,1
Hussenaliumar,neutral,1
Hi I have problem with this App BOA mobile I don't know what is wrong with this App I did many times download but it's sam doesn't work if sam like that this app way I have to be customer with them how I know my account and checking save The book is no Not enough alone,positive,1
It is not work for my device,neutral,1
"I'm Sick and tiered of enabling and disabling Developer Option Everytime I use this app. maybe you know it maybe you dont, fix it please it's anoying",negative,1
The worst app ever,negative,1
Betanya Gebre,neutral,1
I dont recommand it to any one,neutral,1
Excellent app,positive,1
"The application used to work well. But after updates I'm not able to use the forgot password feature, which is blocking me from accessing it as a whole.",negative,1
á‰µáˆ­áˆƒáˆµ,neutral,1
Gio,neutral,1
App isn't working,neutral,1
so far good but always it lugs,positive,1
Don't trust this bank and its service.,negative,1
"I can not open and use the application,please help me!",positive,1
Horrible,negative,1
Mostly not working ğŸ˜‘,neutral,1
Awesome ğŸ‘Œ,positive,1
"Despite the enhanced technology you have, the application doesn't work properly, and it asks for the developer option to be turned off, fix that.",neutral,1
Very poor app b/c highly slow to open the app,negative,1
Wedi Tekle .,neutral,1
Bad appğŸ“±ğŸ‘ğŸ‘ğŸ‘,negative,3
Dura nan fayyadaman ture amma garuu naaf hojjechaa hin jiru maaf?,neutral,1
Nice appp,positive,1
áˆ°áˆ‹áˆ áŠ á‰¢áˆ²áŠ’á‹«á‹á‰½ á‹¨áˆá‰£á‹­áˆ á‰£áŠ•áŠªáŠ•áŒ‹á‰½áˆ á‰°áŒ á‰ƒáˆš áŠáŠ áŠ áŒˆáˆáŒáˆá‰±áŠ• áˆµáˆ‹áˆµáŒ€áˆ˜áˆ«á‰½áˆáˆˆáŠ• áŠ¥áŠ“áˆ˜áˆ°áŒáŠ“áˆˆáŠ•á¢ áŠáŒˆáˆ­ áŒáŠ• áŠ áˆˆá áŠ áˆá á‹¨áŠá‰ áˆ¨á‹ á‹¨áˆ›áˆµáˆáŠ•áŒ áˆªá‹«á‹ á‰ áŠ áŒá‰£á‰¡ áŠ áˆˆáˆ˜áˆµáˆ«á‰µ áŠ áˆá áŠ áˆá á‹ˆá‹°áˆ˜áˆµáˆ«á‰µ á‰°á‰€á‹­áˆ¯áˆ á‹µáˆ® áŠ¥áŠ•á‹°áŠá‰ áˆ«á‰½áˆ áŠ¥áŠ“á‹á‰ƒáˆˆáŠ• á‹˜áŠ•á‹µáˆ®áˆ á‰¥á‰µáŠ–áˆ©áˆáŠ• áŠ¥áŠ•áˆ˜áˆ­áŒ£áˆˆáŠ• *áŠ¨á‹˜áˆ˜áŠ• áŠ áŠ•áŒ‰á‹°áˆ*,neutral,1
Gooood app my dear,positive,1
Harun tamam galanaa,neutral,1
"A total disaster of an app. Always offline, never works, it's embarassing. I've lost hope and taken my business to a competitor",negative,1
Gamebela,neutral,1
so poor app to use can't start up when open the app,negative,1
"This app takes too long time to be opened. And even it is not working simply as other banks application. Why this app does not give a digital invoice. Even, I am not able to find where the screeshot is kept after transaction. So, please the developer should fix all these.",positive,1
Good job,positive,1
"Worst app ever, not user friendly, even doesn't serve basic functionality correctly, takes to much time to login and navigate through the app, we expected more from this bank",negative,1
Bad app .,negative,3
"I mean how could a big financial company like this, be this much irresponsible to release this app? You should be ashamed!",negative,1
Review,neutral,1
Goood,neutral,1
ğŸ‘ğŸ‘ğŸ‘ğŸ‘ğŸ‘ğŸ‘ğŸ‘ğŸ‘ğŸ‘,neutral,1
Is it necessary to switch off developer options every time to use mobile banking?ğŸ¤”ğŸ¤”ğŸ˜¡ğŸ˜¡ğŸ˜¡,neutral,1
The previous version is better it doesn't work,positive,1
"I don't know what is wrong with BOA as a bank in general. It's been going backwards since last year or so. The app is a disaster to use in every possible way. Not stable to log in and very slow to perform transactions, couldn't take a screenshot (or can't even find the pictures even using its save screenshot option). Most of the time, it fails to perform transactions and so on. Simply, it's the worst!",negative,1
"Take some note from CBE mobile banking app, it's the best banking app currently take some note and improve ur app . Sometimes u have to learn from the bests ğŸ™Œ",positive,1
It's a useless app,negative,1
"It's not working as it was , so much need to improve, it was the best but not anymore",positive,1
Poor network,negative,1
Not yet completely working this App. i don't know when is it will be working properly! Its Sad!!!,negative,1
The app does not open sometimes it says coonection issue which i dont have and after it opens it has bugs while using its not smooth to work with please improve it,positive,1
"It's not working totally, what a useless app is it,",negative,1
"This app has become the most troubling every day. It doesn't work. I love the bank, and I hate the app",negative,1
this is so disappointing app ğŸ˜,negative,1
áŠ á‰¢áˆµáŠ’á‹« á‹¨áˆáˆ‰áˆ áˆáˆ­áŒ«,neutral,1
Nays,neutral,1
The worst app,negative,1
it can't even open and only display error messages,negative,1
not active,negative,1
To get good quality,positive,1
áŠ á‹­áˆ°áˆ«áˆ áŠ¥áŠ® áˆáŠ•á‹µáŠ• áŠá‹ á‰½áŒáˆ©?,neutral,1
uselss app dont download,neutral,1
"Is this app fake i try it not working it say please try again later, unable to make transactions what is the purpose of this app . If it is not working delete it",negative,1
"This app didn't work. They have a new version (new app) but still not compatible with my Samsung S8+ , which is v.funny.",neutral,1
Corrupted and poor app,negative,1
When I try to use the application it says 'developer setting should be off' where is the setting to off this play Still doesn't work for me,positive,1
FIX YOUR Apollo!! You guys where the best ğŸ‘Œ,positive,1
Always slow and doesn't work on weekends if you are in a rush or a merchant this app is not for you,neutral,1
"It's very difficult to use the user, app,ones dawenload the user can't operate well , no one can help me,",negative,1
Poor application. It turned off by itself,negative,1
Allowed,neutral,1
It usually crashes and the reason it gives is a problem on internet connection although the internet was fine.,negative,1
we want international mobile banking,positive,1
"screenshot isn't working, Please modify it",negative,1
Naziriet measho 89160437,neutral,1
Ahmed Mohammed husen,neutral,1
Is not working both this one and apollo did u make it better pls am gonne stop using this bank because of the mobile banking,positive,1
I have experiance,neutral,1
The App is not working on Android 9.1 at all. It shows an error notification and forcefully closes the app. Must be fixed ASAP.,negative,1
Crashes very frequently is not stable overall need improvement such a huge bank needs a better app than the current one,positive,1
áˆ­á‹­áˆ­á,neutral,1
The previous application is much better than this one,positive,1
"Worst app. It is wise to invest money and you can make it like CBE app. Even the incon has no image. My app has better UI than yours. So, please invest more and hire professional developer companies and improve it.",positive,1
mal,neutral,1
It is not working at all,neutral,1
Excellent,positive,1
The poorest mobile banking survice ever. Only error reports frequently,negative,1
ğŸ˜ğŸ˜ğŸ˜ğŸ˜,negative,1
ğŸ˜¡ğŸ˜¡ğŸ˜¡ğŸ˜¡ğŸ˜¡ğŸ˜¡ğŸ˜¡,neutral,1
The worst banking app,negative,1
The app is constantly crashing and freezing when to send to BOA customers' accounts.,negative,1
No work app,negative,1
Is ok but stop sundenly,negative,1
ğŸ¤·ğŸ¤·ğŸ¤·,neutral,1
experienced,neutral,1
Very poor app. Its Always cresh and not compatible,negative,1
"It's not functional at all. It keeps saying ""error"". Unable to activate.",negative,1
I can't believe that Abyssinia develop this kind of trash app it have a lot of issues ğŸ‘ğŸ‘ğŸ‘,neutral,1
The new app is very good,positive,1
It's very good but sometimes isn't work probably,positive,1
It doesn't work,neutral,1
áŒ­áˆ«áˆ½ áŠ á‹­áŠá‹áˆ,neutral,1
"This is the most stupid app I've seen, why would I turn off developer mode just because you can't make your app secure, this clearly indicates the app has very poor implementation and unskilled developers.. There are a lot of people who need developer option for different reasons. Please for the sake of the bank, fix this thing... Even the most secure international banking apps don't require it. Not to mention the lag and crashes",neutral,1
The worst mobile banking app,negative,1
It is not fast,neutral,1
Useless,negative,1
The app keeps crashing it stops responding while I'm using it or trying to open the app. Now I have to go to the bank in person to do any banking activities. In short it is the worst mobile banking system in Ethiopia,negative,1
Too late!,neutral,1
No work,negative,1
"Pretty good for a banking app, it still lacks some things with in the ui and with the speed of the app but overall it's a good application. Thank you 5/5ğŸ‘ğŸ»",positive,1
After update it doesn't work well,negative,1
Error occurred try again for 5 days tele birr user not found áˆˆáˆ«áˆ´ áŠ á‹á‹¤,negative,1
Good but Very slow.,positive,1
Very good app,positive,1
"It is so bad apps ,it doesn't work",negative,3
"From now on I will never going to use this app,It is a trash app.No one care about this app from bank I will rate them 0/5.",positive,1
It usually crashes and unable to process also it request to off the developer options,neutral,1
Miliyone.,neutral,1
Workneh girmamo,neutral,1
ğŸ™ğŸ™ğŸ™,neutral,1
"I can't believe in this day and age, one of the major banks of the country can't seem to understand that having a working mobile payment option is a **MUST** to survive. I have decided to move my accounts to CBE and Awash because of this. Can't be bothered with this useless app.",negative,1
Is it even working these days? Please check it.,positive,1
"The app is essentially unusable, it asks to disable developer mode even when it is already disabled and crashes, sometimes it only works with wifi and sometimes only with data, or it crashes just because.......",neutral,1
Please make it functional.,positive,1
its best app but its don't working in poor connection area so,positive,1
Please Recover thank you,positive,1
This app doesn't work,neutral,1
"the app used to run fine, but now it takes like forever to even open the main dashboard and sometimes it just crashes on its own. you guys gotta step it up. we need this app to be way faster",positive,1
the underrated app I've ever seen and ur banking system is Soo Idiocracy,neutral,1
It demands to disable developer option.,neutral,1
"It's been two months now, I cannot do any transaction using this app. It's really disappointing. I am using bank of Abyssinia currently because it's the nearest bank to my work place. The bank is turning to the worst bank in the country day by day. They always respond to customers that they are updating their system all year long, I think that's what they train their customer service operators to do.",negative,1
Open Open service,neutral,1
áŠ á‘ á‰ áŒ£áˆ áŠ áˆµá‰¸áŒ‹áˆª áˆ†áŠ—áˆ,neutral,1
Its not working.,neutral,1
"Riddled with crashes, cant use it anymore. Very frustrating!",negative,1
Always error occured. The worst app ever,negative,1
áŠ¨á‹šáˆ… á‰µáˆá‰… á‰£áŠ•áŠ­ á‹¨áˆ›á‹­áŒ á‰ á‰… á‹µáŠ•á‹á‹á‹á‹ á‹«áˆˆ App.... á‹›áŒáŒáŒ áŠá‹ á‹«áˆ¨áŒˆáŠ ğŸ˜¡ğŸ˜¡ğŸ˜¡,neutral,1
Excellent service,positive,1
It's not convenient,neutral,1
meskelu Metku,neutral,1
Verry nice,positive,1
It has become the most unreliable mibile banking app ever.,neutral,1
"áŠ áŠ˜áˆáŠ¬áˆ½áŠ‘ á‰ áˆáˆ‰áˆ áŠáŒˆáˆ­ áŒ¥áˆ© áŠá‹‰,áŠáŒˆáˆ­ áŒáŠ• Network á‰ áŒ£áˆ áŠá‹‰ áŠ¥áˆšá‹«áˆµá‰¸áŒˆáˆ¨á‹",neutral,1
The poorest mobile banking I have seen in the industry. Is not stable to login and post transactions. Is not attractive. Error reports frequently.,negative,1
ğŸ‘ğŸ‘ğŸ‘,neutral,1
Really Bank,neutral,1
I like the the bank of Abyssinia is the best first bank of Ethiopia,positive,1
